Activity_Type,Date,Month_Numeric,Month,Year,Week_of_Year,Title,Distance,Distance_Group,DistanceGroupId,Calories,Time,Weekly_Cumulative_Mins,Weekly_Mins_Prior_to_Run,Monthly_Cumulative_Mins,Monthly_Mins_Prior_to_Run,Avg_HR,Max_HR,Aerobic_TE,Avg_Run_Cadence,Max_Run_Cadence,Avg_Pace,Best_Pace,Total_Ascent,Total_Descent,Avg_Stride_Length,Avg_Vertical_Ratio,Avg_Vertical_Oscillation,Avg_Ground_Contact_Time,Normalized_Power_NP,Avg_Power,Max_Power,Steps,Moving_Time,Elapsed_Time,Min_Elevation,Max_Elevation,Idle_Time
Running,2025-01-14,1,Jan,2025,3,Charlotte Running,4.0,3-5 miles,2,489,00:35:54,00:35:54,0.0,00:35:54,0.0,163,183,3.7,178,188,00:08:58,00:08:16,289,305,1.0,8.2,8.3,249,325,314,463,"6,376",00:35:49,00:35:54,643,755,00:00:05
Running,2025-01-08,1,Jan,2025,2,Charlotte Running,7.0,7-10 miles,4,857,01:04:59,01:04:59,0.0,01:40:53,35.9,155,173,4.0,178,190,00:09:17,00:06:28,269,318,0.97,8.4,8.1,251,301,296,431,"11,554",01:04:57,01:05:04,691,775,00:00:07
Running,2025-01-07,1,Jan,2025,2,Charlotte Running,3.14,3-5 miles,2,375,00:29:35,01:34:34,64.98,02:10:28,100.88,149,175,3.1,180,190,00:09:26,00:08:47,230,249,0.94,8.4,7.9,250,311,298,449,"5,310",00:29:33,00:29:35,652,763,00:00:02
Running,2024-12-22,12,Dec,2024,51,Kiawah Island Running,3.7,3-5 miles,2,446,00:33:16,00:33:16,0.0,00:33:16,0.0,156,164,3.3,185,192,00:08:59,00:08:14,39,13,0.96,8.0,7.7,242,315,311,365,"6,142",00:33:08,00:33:16,4,41,00:00:08
Running,2024-12-14,12,Dec,2024,50,Kiawah Island Running,26.52,13+ miles,6,"3,000",03:39:23,03:39:23,0.0,04:12:39,33.27,162,185,5.0,185,203,00:08:16,00:04:03,157,154,1.05,7.6,8.0,236,337,334,630,"40,462",03:38:50,03:39:23,-10,20,00:00:33
Running,2024-12-13,12,Dec,2024,50,Kiawah Island Running,2.01,0-3 miles,1,239,00:20:43,04:00:06,219.38,04:33:22,252.65,137,145,2.2,176,183,00:10:18,00:09:31,20,13,0.88,8.9,7.9,260,271,268,310,"3,640",00:20:39,00:20:52,2,20,00:00:13
Running,2024-12-11,12,Dec,2024,50,Charlotte Running,2.01,0-3 miles,1,232,00:18:08,04:18:14,240.1,04:51:30,273.37,142,165,2.6,182,192,00:09:02,00:06:23,72,118,0.97,8.1,7.8,244,310,302,508,"3,288",00:18:06,00:18:08,718,776,00:00:02
Running,2024-12-10,12,Dec,2024,50,Charlotte Running,4.01,3-5 miles,2,476,00:35:15,04:53:29,258.23,05:26:45,291.5,153,169,3.4,180,192,00:08:48,00:06:04,351,174,1.01,8.1,8.1,245,320,313,612,"6,324",00:35:11,00:35:15,738,783,00:00:04
Running,2024-12-09,12,Dec,2024,50,Charlotte Running,3.01,3-5 miles,2,363,00:27:15,05:20:44,293.48,05:54:00,326.75,153,180,3.2,180,190,00:09:04,00:08:19,217,226,0.98,8.2,8.0,247,322,310,446,"4,916",00:27:11,00:27:15,652,755,00:00:04
Running,2024-12-07,12,Dec,2024,49,Charlotte Running,8.0,7-10 miles,4,933,01:03:07,01:03:07,0.0,06:57:07,354.0,170,180,5.0,183,196,00:07:53,00:05:40,331,335,1.11,7.5,8.3,233,350,344,527,"11,530",01:02:48,01:04:33,703,766,00:01:45
Running,2024-11-20,11,Nov,2024,47,Charlotte Running,10.02,10-13 miles,5,"1,258",01:27:55,01:27:55,0.0,01:27:55,0.0,170,185,5.0,178,194,00:08:47,00:06:54,400,459,1.02,8.1,8.3,247,329,321,510,"15,668",01:27:52,01:27:55,604,764,00:00:03
Running,2024-11-19,11,Nov,2024,47,Charlotte Running,5.01,5-7 miles,3,626,00:46:44,02:14:39,87.92,02:14:39,87.92,162,179,3.5,177,188,00:09:20,00:08:43,358,614,0.97,8.4,8.2,253,311,303,431,"8,258",00:46:40,00:46:44,657,764,00:00:04
Running,2024-11-13,11,Nov,2024,46,Charlotte Running,9.0,7-10 miles,4,"1,016",01:15:44,01:15:44,0.0,03:30:23,134.65,154,176,4.1,180,200,00:08:25,00:04:02,322,348,1.06,7.9,8.3,241,340,329,602,"13,624",01:15:41,01:15:44,680,760,00:00:03
Running,2024-11-12,11,Nov,2024,46,Charlotte Running,5.0,5-7 miles,3,573,00:45:30,02:01:14,75.73,04:15:53,210.38,146,168,3.2,179,189,00:09:05,00:08:21,351,387,0.98,8.2,8.1,248,318,306,453,"8,164",00:45:25,00:45:30,644,766,00:00:05
Running,2024-11-09,11,Nov,2024,45,Charlotte Running,18.0,13+ miles,6,"2,088",02:50:52,02:50:52,0.0,07:06:45,255.88,150,169,4.6,178,192,00:09:29,00:05:34,564,617,0.95,8.5,8.0,253,297,292,479,"30,422",02:50:43,02:50:52,566,776,00:00:09
Running,2024-11-07,11,Nov,2024,45,Mt Pleasant Running,5.01,5-7 miles,3,616,00:43:00,03:33:52,170.87,07:49:45,426.75,170,181,3.9,183,190,00:08:35,00:07:46,3,10,1.02,7.9,8.0,240,311,310,349,"7,834",00:42:58,00:43:00,-4,9,00:00:02
Running,2024-11-05,11,Nov,2024,45,Mt Pleasant Running,5.0,5-7 miles,3,605,00:41:42,04:15:34,213.87,08:31:27,469.75,170,185,4.0,179,189,00:08:20,00:06:26,7,10,1.07,7.9,8.4,242,332,325,443,"7,458",00:41:39,00:41:42,-10,1,00:00:03
Running,2024-11-02,11,Nov,2024,44,Charlotte Running,12.01,10-13 miles,5,"1,419",01:47:37,01:47:37,0.0,10:19:04,511.45,155,170,4.3,177,191,00:08:58,00:05:46,479,535,1.0,8.2,8.3,249,310,306,487,"19,132",01:47:18,01:48:23,637,782,00:01:05
Running,2024-10-31,10,Oct,2024,44,Charlotte Running,5.01,5-7 miles,3,611,00:45:36,02:33:13,107.62,00:45:36,0.0,155,171,3.5,177,188,00:09:06,00:06:43,266,253,1.0,8.4,8.3,252,316,311,436,"8,036",00:45:30,00:45:36,703,807,00:00:06
Running,2024-10-30,10,Oct,2024,44,Charlotte Running,8.0,7-10 miles,4,944,01:14:21,03:47:34,153.22,01:59:57,45.6,149,164,3.5,176,188,00:09:17,00:05:07,285,335,0.97,8.4,8.2,253,299,294,535,"13,126",01:14:15,01:14:47,669,780,00:00:32
Running,2024-10-29,10,Oct,2024,44,Charlotte Running,4.0,3-5 miles,2,497,00:39:08,04:26:42,227.57,02:39:05,119.95,153,171,3.0,177,184,00:09:46,00:08:44,276,289,0.93,8.6,8.0,256,297,288,398,"6,924",00:38:55,00:39:08,651,768,00:00:13
Running,2024-10-27,10,Oct,2024,43,Charlotte Running,16.01,13+ miles,6,"1,883",02:19:22,02:19:22,0.0,04:58:27,159.08,163,171,5.0,179,244,00:08:42,00:05:53,722,781,1.03,8.1,8.3,246,325,320,487,"24,880",02:19:19,02:19:22,658,775,00:00:03
Treadmill Running,2024-10-24,10,Oct,2024,43,Treadmill Running,4.0,3-5 miles,2,500,00:34:59,02:54:21,139.37,05:33:26,298.45,160,168,3.5,182,189,00:08:45,00:07:40,--,--,0.71,9.7,6.8,264,220,216,368,"6,350",00:34:48,00:34:59,--,--,00:00:11
Running,2024-10-22,10,Oct,2024,43,Charlotte Running,8.01,7-10 miles,4,913,01:12:11,04:06:32,174.35,06:45:37,333.43,145,161,3.4,178,187,00:09:01,00:05:56,266,302,1.0,8.3,8.2,249,309,304,473,"12,840",01:12:06,01:12:11,686,772,00:00:05
Running,2024-10-21,10,Oct,2024,43,Charlotte Running,4.0,3-5 miles,2,491,00:35:33,04:42:05,246.53,07:21:10,405.62,159,171,3.3,178,196,00:08:53,00:07:30,279,285,1.01,8.1,8.2,247,323,314,429,"6,336",00:35:23,00:35:33,638,753,00:00:10
Running,2024-10-19,10,Oct,2024,42,Charlotte Running,15.0,13+ miles,6,"1,744",02:13:51,02:13:51,0.0,09:35:01,441.17,150,161,4.4,176,188,00:08:55,00:05:40,610,633,1.02,8.2,8.4,250,317,312,533,"23,584",02:13:38,02:14:15,646,786,00:00:37
Running,2024-10-17,10,Oct,2024,42,Charlotte Running,4.01,3-5 miles,2,486,00:34:33,02:48:24,133.85,10:09:34,575.02,157,171,3.4,176,187,00:08:37,00:05:12,154,197,1.05,8.1,8.5,248,324,318,491,"6,082",00:34:28,00:34:33,705,776,00:00:05
Running,2024-10-16,10,Oct,2024,42,Charlotte Running,7.01,7-10 miles,4,850,00:57:59,03:46:23,168.4,11:07:33,609.57,166,178,4.5,179,192,00:08:17,00:05:48,131,164,1.1,7.8,8.6,241,339,334,509,"10,330",00:57:57,00:57:59,705,751,00:00:02
Running,2024-10-15,10,Oct,2024,42,Charlotte Running,3.1,3-5 miles,2,335,00:27:27,04:13:50,226.38,11:35:00,667.55,136,157,2.6,182,190,00:08:51,00:08:11,230,230,0.99,8.0,8.0,244,327,316,469,"4,970",00:27:24,00:27:27,662,762,00:00:03
Running,2024-10-13,10,Oct,2024,41,Charlotte Running,10.01,10-13 miles,5,"1,165",01:30:09,01:30:09,0.0,13:05:09,695.0,151,164,3.9,176,188,00:09:00,00:05:57,430,443,1.01,8.3,8.4,250,317,311,534,"15,872",01:29:53,01:30:09,649,785,00:00:16
Running,2024-10-10,10,Oct,2024,41,Charlotte Running,4.01,3-5 miles,2,479,00:33:27,02:03:36,90.15,13:38:36,785.15,165,180,3.5,178,186,00:08:21,00:07:02,299,276,1.08,7.9,8.5,244,347,337,500,"5,942",00:33:26,00:33:27,621,728,00:00:01
Running,2024-10-09,10,Oct,2024,41,Charlotte Running,7.01,7-10 miles,4,809,01:01:05,03:04:41,123.6,14:39:41,818.6,150,171,3.7,178,192,00:08:43,00:06:43,213,269,1.04,8.1,8.4,247,321,313,420,"10,830",01:00:46,01:01:05,711,784,00:00:19
Running,2024-10-08,10,Oct,2024,41,Charlotte Running,3.11,3-5 miles,2,381,00:29:28,03:34:09,184.68,15:09:09,879.68,154,167,3.0,173,186,00:09:29,00:08:33,236,236,0.98,8.6,8.4,258,310,300,440,"5,106",00:29:23,00:29:28,638,755,00:00:05
Running,2024-10-05,10,Oct,2024,40,Charlotte Running,13.1,13+ miles,6,"1,504",02:00:46,02:00:46,0.0,17:09:55,909.15,148,160,4.0,176,184,00:09:13,00:06:24,551,561,0.99,8.4,8.4,253,307,302,444,"21,198",02:00:37,02:00:46,671,776,00:00:09
Running,2024-10-03,10,Oct,2024,40,Charlotte Running,3.01,3-5 miles,2,322,00:20:53,02:21:39,120.77,17:30:48,1029.92,174,185,3.5,185,226,00:06:57,00:06:18,220,233,1.25,7.0,8.7,221,412,397,566,"3,826",00:20:52,00:20:53,665,766,00:00:01
Running,2024-10-02,10,Oct,2024,40,Charlotte Running,6.21,5-7 miles,3,760,00:56:03,03:17:42,141.65,18:26:51,1050.8,159,172,3.8,173,181,00:09:01,00:06:05,292,295,1.03,8.4,8.7,255,311,306,492,"9,712",00:55:58,00:56:03,690,794,00:00:05
Running,2024-09-27,9,Sep,2024,39,Isle of Palms Running,12.01,10-13 miles,5,"1,476",01:55:36,01:55:36,0.0,01:55:36,0.0,161,169,4.0,174,183,00:09:38,00:08:09,46,69,0.96,8.7,8.3,258,290,288,348,"20,084",01:55:28,01:56:08,-14,19,00:00:40
Running,2024-09-25,9,Sep,2024,39,Charlotte Running,3.1,3-5 miles,2,353,00:28:16,02:23:52,115.6,02:23:52,115.6,142,155,2.8,174,179,00:09:07,00:06:07,95,138,1.01,8.4,8.5,254,308,302,480,"4,928",00:28:11,00:28:16,736,788,00:00:05
Running,2024-09-24,9,Sep,2024,39,Charlotte Running,6.42,5-7 miles,3,749,00:55:25,03:19:17,143.87,03:19:17,143.87,154,175,3.7,177,189,00:08:38,00:06:18,200,249,1.05,8.1,8.5,247,323,316,473,"9,794",00:55:12,00:55:25,698,780,00:00:13
Running,2024-09-23,9,Sep,2024,39,Charlotte Running,3.1,3-5 miles,2,353,00:28:32,03:47:49,199.28,03:47:49,199.28,142,165,2.8,177,186,00:09:12,00:07:56,240,243,0.99,8.3,8.2,251,318,304,441,"5,046",00:28:09,00:28:32,663,767,00:00:23
Running,2024-09-21,9,Sep,2024,38,Charlotte Running,7.0,7-10 miles,4,871,01:04:01,01:04:01,0.0,04:51:50,227.82,161,175,3.9,175,184,00:09:08,00:06:41,236,262,1.0,8.4,8.5,254,305,302,430,"11,168",01:03:54,01:04:01,666,780,00:00:07
Running,2024-09-19,9,Sep,2024,38,Charlotte Running,3.1,3-5 miles,2,364,00:27:08,01:31:09,64.02,05:18:58,291.83,148,166,3.1,175,181,00:08:45,00:05:59,102,115,1.05,8.2,8.6,249,322,316,473,"4,756",00:26:58,00:27:08,730,783,00:00:10
Running,2024-09-18,9,Sep,2024,38,Charlotte Running,5.01,5-7 miles,3,575,00:41:21,02:12:30,91.15,06:00:19,318.97,161,182,3.7,176,194,00:08:16,00:05:52,174,220,1.1,8.0,8.7,244,348,334,534,"7,284",00:41:19,00:41:21,709,776,00:00:02
Running,2024-09-17,9,Sep,2024,38,Charlotte Running,3.13,3-5 miles,2,366,00:26:21,02:38:51,132.5,06:26:40,360.32,160,177,3.2,176,186,00:08:25,00:07:39,236,256,1.07,8.0,8.6,245,344,332,472,"4,666",00:26:21,00:26:21,642,757,00:00:00
Running,2024-09-14,9,Sep,2024,37,Charlotte Running,13.11,13+ miles,6,"1,572",02:00:52,02:00:52,0.0,08:27:32,386.67,156,178,4.3,174,188,00:09:13,00:06:28,617,705,1.0,8.5,8.5,256,314,306,479,"21,006",02:00:32,02:00:52,657,787,00:00:20
Running,2024-09-12,9,Sep,2024,37,Charlotte Running,3.11,3-5 miles,2,366,00:26:22,02:27:14,120.87,08:53:54,507.53,161,177,3.2,175,181,00:08:28,00:07:36,220,217,1.08,8.1,8.7,248,344,333,472,"4,604",00:26:20,00:26:22,670,778,00:00:02
Running,2024-09-11,9,Sep,2024,37,Charlotte Running,5.0,5-7 miles,3,584,00:44:23,03:11:37,147.23,09:38:17,533.9,148,164,3.4,174,181,00:08:52,00:05:22,148,203,1.04,8.3,8.6,252,316,311,585,"7,734",00:44:15,00:44:23,713,781,00:00:08
Running,2024-09-10,9,Sep,2024,37,Charlotte Running,3.1,3-5 miles,2,337,00:26:56,03:38:33,191.62,10:05:13,578.28,142,172,2.7,177,190,00:08:41,00:06:33,246,233,1.04,8.1,8.3,245,344,330,535,"4,802",00:26:47,00:32:52,662,785,00:06:05
Running,2024-09-07,9,Sep,2024,36,Mt Pleasant Running,9.41,7-10 miles,4,"1,123",01:19:43,01:19:43,0.0,11:24:56,605.22,167,181,4.7,176,186,00:08:28,00:06:22,49,46,1.08,8.0,8.6,246,326,322,488,"14,014",01:19:20,01:19:51,3,30,00:00:31
Running,2024-09-05,9,Sep,2024,36,Charlotte Running,3.01,3-5 miles,2,326,00:21:38,01:41:21,79.72,11:46:34,684.93,171,187,3.4,182,190,00:07:12,00:06:11,207,213,1.22,7.2,8.8,226,398,383,581,"3,912",00:21:37,00:21:38,688,787,00:00:01
Running,2024-09-04,9,Sep,2024,36,Charlotte Running,4.02,3-5 miles,2,446,00:33:34,02:14:55,101.35,12:20:08,706.57,149,167,3.3,175,185,00:08:22,00:05:27,135,131,1.09,8.0,8.7,244,338,331,490,"5,888",00:33:26,00:33:35,729,779,00:00:09
Running,2024-09-03,9,Sep,2024,36,Charlotte Running,3.1,3-5 miles,2,377,00:29:22,02:44:17,134.92,12:49:30,740.13,156,169,3.0,172,177,00:09:28,00:08:51,210,223,0.98,8.7,8.5,259,310,300,422,"5,054",00:29:18,00:29:22,656,769,00:00:04
Running,2024-08-31,8,Aug,2024,35,Charlotte Running,5.09,5-7 miles,3,631,00:48:26,00:48:26,0.0,00:48:26,0.0,156,177,3.4,173,180,00:09:31,00:05:50,210,220,0.97,8.7,8.4,259,297,292,490,"8,370",00:48:23,00:48:26,698,784,00:00:03
Running,2024-08-29,8,Aug,2024,35,Charlotte Running,3.11,3-5 miles,2,373,00:25:05,01:13:31,48.43,01:13:31,48.43,173,187,3.5,173,186,00:08:05,00:06:28,72,154,1.15,7.9,9.1,245,343,339,450,"4,354",00:24:58,00:25:05,696,778,00:00:07
Running,2024-08-28,8,Aug,2024,35,Charlotte Running,4.01,3-5 miles,2,458,00:37:09,01:50:40,73.52,01:50:40,73.52,143,163,3.0,173,179,00:09:16,00:05:36,167,174,1.02,8.5,8.6,256,309,303,532,"6,424",00:36:52,00:37:09,700,767,00:00:17
Running,2024-08-27,8,Aug,2024,35,Charlotte Running,3.1,3-5 miles,2,347,00:29:00,02:19:40,110.67,02:19:40,110.67,139,157,2.6,175,179,00:09:21,00:08:35,226,230,0.98,8.5,8.3,255,309,301,434,"5,078",00:28:55,00:29:00,654,757,00:00:05
Running,2024-08-24,8,Aug,2024,34,Charlotte Running,7.01,7-10 miles,4,844,00:58:38,00:58:38,0.0,03:18:18,139.67,167,185,4.6,170,186,00:08:22,00:05:24,177,220,1.12,7.9,8.9,245,342,330,542,"10,010",00:57:12,00:58:38,715,785,00:01:26
Running,2024-08-22,8,Aug,2024,34,Charlotte Running,3.1,3-5 miles,2,375,00:26:27,01:25:05,58.63,03:44:45,198.3,167,180,3.3,174,179,00:08:32,00:07:23,253,266,1.08,8.2,8.8,250,344,332,484,"4,578",00:26:22,00:26:27,659,776,00:00:05
Running,2024-08-21,8,Aug,2024,34,Charlotte Running,3.11,3-5 miles,2,342,00:25:43,01:50:48,85.08,04:10:28,224.75,145,166,3.1,172,184,00:08:17,00:05:16,108,105,1.12,8.0,8.9,245,346,337,565,"4,456",00:25:32,00:25:43,718,782,00:00:11
Running,2024-08-20,8,Aug,2024,34,Charlotte Running,3.1,3-5 miles,2,352,00:29:08,02:19:56,110.8,04:39:36,250.47,142,164,2.6,175,181,00:09:23,00:08:38,246,256,0.97,8.5,8.3,255,314,302,445,"5,106",00:29:02,00:29:08,656,766,00:00:06
Running,2024-08-17,8,Aug,2024,33,Charlotte Running,6.2,5-7 miles,3,736,00:57:55,00:57:55,0.0,05:37:31,279.6,149,164,3.4,174,181,00:09:21,00:05:49,151,167,0.99,8.6,8.5,256,299,296,487,"10,054",00:57:46,00:58:58,724,780,00:01:12
Running,2024-08-15,8,Aug,2024,33,Charlotte Running,3.1,3-5 miles,2,348,00:26:54,01:24:49,57.92,06:04:25,337.52,146,164,3.0,172,245,00:08:41,00:05:13,112,121,1.08,8.1,8.7,248,331,319,610,"4,634",00:26:32,00:26:54,726,781,00:00:22
Running,2024-08-14,8,Aug,2024,33,Charlotte Running,3.11,3-5 miles,2,369,00:26:33,01:51:22,84.82,06:30:58,364.42,160,174,3.3,172,188,00:08:33,00:06:02,95,128,1.09,8.2,9.0,252,329,321,482,"4,558",00:26:15,00:26:33,732,779,00:00:18
Running,2024-08-13,8,Aug,2024,33,Charlotte Running,3.11,3-5 miles,2,350,00:28:13,02:19:35,111.37,06:59:11,390.97,144,167,2.9,176,181,00:09:05,00:08:16,233,236,1.01,8.4,8.4,252,319,309,467,"4,960",00:28:06,00:28:13,654,764,00:00:07
Running,2024-08-07,8,Aug,2024,32,Charlotte Running,4.0,3-5 miles,2,485,00:33:44,00:33:44,0.0,07:32:55,419.18,170,185,3.7,176,186,00:08:25,00:07:22,285,312,1.08,8.0,8.6,245,341,331,524,"5,956",00:33:37,00:33:44,661,767,00:00:07
Running,2024-08-06,8,Aug,2024,32,Charlotte Running,3.1,3-5 miles,2,387,00:28:41,01:02:25,33.73,08:01:36,452.92,163,178,3.1,173,180,00:09:15,00:08:00,243,223,1.01,8.5,8.6,257,317,307,444,"4,946",00:28:34,00:28:41,668,774,00:00:07
Running,2024-08-01,8,Aug,2024,31,Charlotte Running,3.1,3-5 miles,2,356,00:26:42,00:26:42,0.0,08:28:18,481.6,149,168,3.1,174,184,00:08:36,00:05:30,98,128,1.08,8.1,8.7,247,330,321,521,"4,668",00:26:37,00:26:42,719,780,00:00:05
Running,2024-07-31,7,Jul,2024,31,Charlotte Running,7.09,7-10 miles,4,836,01:01:43,01:28:25,26.7,01:01:43,0.0,157,168,3.9,175,184,00:08:42,00:05:42,226,249,1.05,8.1,8.5,248,319,315,478,"10,864",01:01:40,01:01:43,693,771,00:00:03
Running,2024-07-30,7,Jul,2024,31,Charlotte Running,3.12,3-5 miles,2,354,00:28:31,01:56:56,88.42,01:30:14,61.72,144,165,2.8,174,180,00:09:09,00:08:21,226,233,1.01,8.4,8.5,254,318,308,443,"4,976",00:28:27,00:28:31,664,766,00:00:04
Running,2024-07-25,7,Jul,2024,30,Charlotte Running,3.1,3-5 miles,2,368,00:27:56,00:27:56,0.0,01:58:10,90.23,150,169,3.1,175,181,00:09:00,00:05:47,138,151,1.02,8.4,8.5,252,316,310,530,"4,880",00:27:55,00:27:56,727,785,00:00:01
Running,2024-07-24,7,Jul,2024,30,Charlotte Running,6.2,5-7 miles,3,724,00:53:52,01:21:48,27.93,02:52:02,118.17,154,172,3.8,175,182,00:08:41,00:05:03,174,190,1.06,8.2,8.7,249,322,319,554,"9,416",00:53:46,00:53:52,717,768,00:00:06
Running,2024-07-23,7,Jul,2024,30,Charlotte Running,3.02,3-5 miles,2,352,00:26:53,01:48:41,81.8,03:18:55,172.03,153,176,3.0,175,180,00:08:55,00:07:04,240,233,1.02,8.3,8.5,251,326,317,442,"4,714",00:26:52,00:26:53,665,767,00:00:01
Running,2024-07-21,7,Jul,2024,29,Mt Pleasant Running,4.01,3-5 miles,2,427,00:29:46,00:29:46,0.0,03:48:41,198.92,163,191,3.7,183,194,00:07:26,00:05:58,3,7,1.18,7.3,8.5,228,367,360,453,"5,430",00:29:41,00:29:46,9,14,00:00:05
Running,2024-07-17,7,Jul,2024,29,Charlotte Running,6.01,5-7 miles,3,736,00:52:07,01:21:53,29.77,04:40:48,228.68,166,179,4.1,178,187,00:08:41,00:06:33,203,203,1.04,8.0,8.3,244,324,319,449,"9,260",00:51:50,00:52:07,715,776,00:00:17
Running,2024-07-16,7,Jul,2024,29,Charlotte Running,3.02,3-5 miles,2,344,00:25:34,01:47:27,81.88,05:06:22,280.8,155,173,3.1,182,190,00:08:28,00:07:21,230,226,1.04,7.8,8.1,240,339,329,484,"4,634",00:25:29,00:25:34,665,766,00:00:05
Running,2024-07-14,7,Jul,2024,28,Margate City Running,7.01,7-10 miles,4,840,01:01:37,01:01:37,0.0,06:07:59,306.37,162,170,4.0,179,188,00:08:48,00:07:05,13,10,1.02,8.1,8.2,245,308,306,379,"11,016",01:01:30,01:01:37,14,28,00:00:07
Running,2024-07-11,7,Jul,2024,28,Margate City Running,3.01,3-5 miles,2,364,00:29:46,01:31:23,61.62,06:37:45,367.98,149,156,2.7,172,177,00:09:54,00:07:19,7,3,0.95,8.9,8.4,262,277,275,400,"5,116",00:29:40,00:29:46,16,28,00:00:06
Running,2024-07-10,7,Jul,2024,28,Charlotte Running,5.01,5-7 miles,3,612,00:43:20,02:14:43,91.38,07:21:05,397.75,163,180,3.8,173,186,00:08:39,00:05:59,236,302,1.08,8.1,8.7,247,335,328,510,"7,530",00:43:04,00:43:20,669,787,00:00:16
Running,2024-07-09,7,Jul,2024,28,Charlotte Running,3.01,3-5 miles,2,326,00:21:09,02:35:52,134.72,07:42:14,441.08,173,189,3.5,181,194,00:07:02,00:05:55,217,203,1.26,7.1,8.9,225,415,400,596,"3,816",00:21:06,00:21:09,670,770,00:00:03
Running,2024-07-06,7,Jul,2024,27,Mt Pleasant Running,10.01,10-13 miles,5,"1,215",01:30:31,01:30:31,0.0,09:12:45,462.23,161,176,4.1,175,184,00:09:03,00:06:59,23,20,1.01,8.4,8.5,253,310,308,419,"15,864",01:30:28,01:30:31,9,24,00:00:03
Running,2024-07-04,7,Jul,2024,27,Mt Pleasant Running,3.01,3-5 miles,2,347,00:23:25,01:53:56,90.52,09:36:10,552.75,170,187,3.4,177,187,00:07:47,00:06:45,--,10,1.16,7.6,8.8,237,356,350,409,"4,152",00:23:17,00:23:25,18,33,00:00:08
Running,2024-07-03,7,Jul,2024,27,Charlotte Running,5.04,5-7 miles,3,620,00:42:58,02:36:54,113.93,10:19:08,576.17,163,183,3.9,174,187,00:08:32,00:03:51,213,256,1.09,8.0,8.7,246,338,329,708,"7,466",00:42:36,00:42:58,669,778,00:00:22
Running,2024-07-02,7,Jul,2024,27,Charlotte Running,3.03,3-5 miles,2,348,00:26:03,03:02:57,156.9,10:45:11,619.13,150,171,3.0,176,184,00:08:35,00:06:58,259,243,1.06,8.1,8.6,248,345,333,492,"4,584",00:25:59,00:26:03,671,776,00:00:04
Running,2024-06-27,6,Jun,2024,26,Charlotte Running,3.02,3-5 miles,2,377,00:27:28,00:27:28,0.0,00:27:28,0.0,152,166,3.1,171,183,00:09:06,00:05:09,128,118,1.06,8.1,8.5,247,324,314,514,"4,722",00:26:50,00:27:28,706,770,00:00:38
Running,2024-06-26,6,Jun,2024,26,Charlotte Running,4.01,3-5 miles,2,474,00:32:47,01:00:15,27.47,01:00:15,27.47,165,180,3.6,173,243,00:08:11,00:05:18,154,207,1.14,7.8,8.9,243,349,341,568,"5,712",00:32:40,00:32:47,678,775,00:00:07
Running,2024-06-25,6,Jun,2024,26,Charlotte Running,3.01,3-5 miles,2,328,00:23:27,01:23:42,60.25,01:23:42,60.25,156,176,3.2,181,192,00:07:48,00:05:56,240,236,1.13,7.6,8.5,234,373,362,509,"4,240",00:23:19,00:23:27,675,777,00:00:08
Running,2024-06-22,6,Jun,2024,25,Charlotte Running,5.0,5-7 miles,3,581,00:43:31,00:43:31,0.0,02:07:13,83.7,150,168,3.4,173,236,00:08:42,00:05:04,203,197,1.08,8.2,8.8,249,335,328,572,"7,538",00:43:19,00:43:31,734,790,00:00:12
Running,2024-06-20,6,Jun,2024,25,Charlotte Running,3.0,3-5 miles,2,342,00:25:27,01:08:58,43.52,02:32:40,127.22,154,171,3.1,176,184,00:08:28,00:06:43,220,220,1.07,8.0,8.6,246,345,333,479,"4,496",00:25:26,00:25:27,667,770,00:00:01
Running,2024-06-19,6,Jun,2024,25,Charlotte Running,4.01,3-5 miles,2,467,00:34:19,01:43:17,68.97,03:06:59,152.67,155,176,3.3,177,186,00:08:34,00:07:18,289,305,1.05,8.0,8.5,246,341,331,479,"6,082",00:34:18,00:34:19,664,767,00:00:01
Running,2024-06-18,6,Jun,2024,25,Charlotte Running,3.0,3-5 miles,2,323,00:21:51,02:05:08,103.28,03:28:50,186.98,167,183,3.4,181,192,00:07:17,00:05:03,105,108,1.22,7.2,8.8,227,388,382,530,"3,946",00:21:43,00:21:51,738,780,00:00:08
Running,2024-06-15,6,Jun,2024,24,Charlotte Running,7.01,7-10 miles,4,831,01:00:52,01:00:52,0.0,04:29:42,208.83,159,172,3.9,173,184,00:08:41,00:05:59,371,371,1.06,8.2,8.8,252,332,326,495,"10,548",01:00:43,01:01:27,665,773,00:00:44
Running,2024-06-13,6,Jun,2024,24,Charlotte Running,3.0,3-5 miles,2,338,00:24:06,01:24:58,60.87,04:53:48,269.7,159,173,3.2,177,186,00:08:01,00:06:12,131,115,1.13,7.7,8.7,239,359,352,472,"4,268",00:24:01,00:24:09,730,768,00:00:08
Running,2024-06-12,6,Jun,2024,24,Charlotte Running,3.02,3-5 miles,2,334,00:24:36,01:49:34,84.97,05:18:24,293.8,155,172,3.1,177,188,00:08:08,00:06:54,240,230,1.1,7.8,8.6,242,360,348,501,"4,358",00:24:35,00:24:36,661,770,00:00:01
Running,2024-06-11,6,Jun,2024,24,Charlotte Running,3.01,3-5 miles,2,323,00:23:07,02:12:41,109.57,05:41:31,318.4,158,173,3.3,177,189,00:07:41,00:05:36,128,102,1.2,7.5,8.9,234,380,372,501,"4,096",00:22:56,00:23:07,686,736,00:00:11
Running,2024-06-08,6,Jun,2024,23,Charlotte Running,6.01,5-7 miles,3,766,00:54:28,00:54:28,0.0,06:35:59,341.52,167,184,3.9,163,235,00:09:04,00:05:29,335,318,1.11,8.0,8.9,247,340,318,568,"8,958",00:52:19,01:21:34,721,835,00:29:15
Running,2024-06-06,6,Jun,2024,23,Charlotte Running,3.01,3-5 miles,2,329,00:23:15,01:17:43,54.47,06:59:14,395.98,166,184,3.4,176,188,00:07:44,00:06:16,197,194,1.17,7.7,9.0,239,374,364,503,"4,098",00:23:13,00:23:15,683,781,00:00:02
Running,2024-06-05,6,Jun,2024,23,Charlotte Running,3.09,3-5 miles,2,325,00:23:29,01:41:12,77.72,07:22:43,419.23,162,175,3.3,180,188,00:07:36,00:06:28,213,220,1.17,7.4,8.7,232,375,364,514,"4,234",00:23:28,00:23:31,678,778,00:00:03
Running,2024-06-04,6,Jun,2024,23,Charlotte Running,0.47,0-3 miles,1,52,00:03:38,01:44:50,101.2,07:26:21,442.72,167,174,1.5,165,180,00:07:45,00:06:15,26,36,1.23,7.8,9.4,243,356,336,464,614,00:03:34,00:03:38,789,835,00:00:04
Running,2024-06-04,6,Jun,2024,23,Charlotte Running,3.13,3-5 miles,2,351,00:25:18,02:10:08,104.83,07:51:39,446.35,160,182,3.3,172,184,00:08:04,00:05:25,154,144,1.16,8.0,9.2,246,361,352,527,"4,348",00:25:11,00:25:18,698,785,00:00:07
Running,2024-05-22,5,May,2024,21,Charlotte Running,5.01,5-7 miles,3,594,00:42:14,00:42:14,0.0,00:42:14,0.0,171,183,3.9,173,180,00:08:26,00:07:12,348,361,1.1,8.1,8.9,250,346,338,460,"7,302",00:42:12,00:42:14,666,769,00:00:02
Running,2024-05-20,5,May,2024,21,Charlotte Running,5.01,5-7 miles,3,599,00:41:15,01:23:29,42.23,01:23:29,42.23,177,189,4.3,173,180,00:08:14,00:05:35,49,49,1.13,8.1,9.1,248,351,346,553,"7,124",00:41:08,00:41:15,744,766,00:00:07
Running,2024-05-14,5,May,2024,20,Mt Pleasant Running,5.01,5-7 miles,3,552,00:39:18,00:39:18,0.0,02:02:47,83.48,166,193,4.1,173,190,00:07:51,00:06:07,3,7,1.18,7.8,9.2,244,361,354,485,"6,802",00:39:00,00:39:18,5,14,00:00:18
Running,2024-05-12,5,May,2024,19,Mt Pleasant Running,2.3,0-3 miles,1,255,00:18:15,00:18:15,0.0,02:21:02,122.78,165,176,3.1,175,186,00:07:57,00:07:08,--,--,1.15,7.8,9.0,242,345,343,391,"3,200",00:18:10,00:18:15,10,17,00:00:05
Running,2024-05-08,5,May,2024,19,Charlotte Running,5.05,5-7 miles,3,582,00:41:52,01:00:07,18.25,03:02:54,141.03,167,187,4.0,174,186,00:08:18,00:06:28,331,331,1.11,8.0,8.9,247,349,343,538,"7,284",00:41:45,00:41:52,657,765,00:00:07
Running,2024-05-06,5,May,2024,19,Charlotte Running,1.01,0-3 miles,1,110,00:07:47,01:07:54,60.12,03:10:41,182.9,164,177,2.2,175,186,00:07:44,00:06:32,56,72,1.16,7.6,8.8,237,369,353,487,"1,378",00:07:41,00:07:47,656,732,00:00:06
Running,2024-05-06,5,May,2024,19,Charlotte Running,3.01,3-5 miles,2,321,00:23:07,01:31:01,67.9,03:33:48,190.68,161,179,3.2,178,188,00:07:41,00:06:10,187,190,1.17,7.6,8.9,236,375,365,524,"4,098",00:23:04,00:23:07,648,755,00:00:03
Running,2024-05-01,5,May,2024,18,Charlotte Running,10.01,10-13 miles,5,"1,218",01:25:22,01:25:22,0.0,04:59:10,213.8,176,182,5.0,172,189,00:08:32,00:06:58,387,381,1.09,8.2,9.0,251,333,329,448,"14,690",01:25:05,01:25:22,658,774,00:00:17
Running,2024-04-29,4,Apr,2024,18,Charlotte Running,5.27,5-7 miles,3,619,00:44:21,02:09:43,85.37,00:44:21,0.0,167,182,3.9,174,181,00:08:25,00:07:35,400,387,1.09,8.1,8.8,248,351,341,503,"7,732",00:44:20,00:44:21,669,770,00:00:01
Running,2024-04-26,4,Apr,2024,17,Charlotte Running,4.25,3-5 miles,2,437,00:35:40,00:35:40,0.0,01:20:01,44.35,145,171,3.2,178,188,00:08:23,00:07:02,289,305,1.07,7.9,8.4,242,342,333,502,"6,356",00:35:26,00:41:04,661,764,00:05:38
Running,2024-04-24,4,Apr,2024,17,Charlotte Running,8.01,7-10 miles,4,975,01:07:39,01:43:19,35.67,02:27:40,80.02,174,185,5.0,175,239,00:08:27,00:05:19,62,52,1.09,8.0,8.8,247,331,329,523,"11,788",01:07:33,01:07:39,743,767,00:00:06
Running,2024-04-22,4,Apr,2024,17,Charlotte Running,5.06,5-7 miles,3,525,00:44:01,02:27:20,103.32,03:11:41,147.67,141,148,3.1,168,185,00:08:42,00:05:32,52,39,1.1,8.1,8.9,250,332,319,535,"7,414",00:43:02,00:44:01,749,781,00:00:59
Running,2024-04-21,4,Apr,2024,16,Charlotte Running,3.0,3-5 miles,2,303,00:24:40,00:24:40,0.0,03:36:21,191.68,142,160,2.9,175,184,00:08:12,00:07:19,233,197,1.12,7.9,8.9,245,363,352,505,"4,308",00:24:32,00:24:40,657,757,00:00:08
Running,2024-04-19,4,Apr,2024,16,Charlotte Running,3.02,3-5 miles,2,280,00:24:43,00:49:23,24.67,04:01:04,216.35,132,140,2.4,176,184,00:08:11,00:07:20,187,187,1.11,7.9,8.7,242,358,345,488,"4,366",00:24:35,00:24:45,663,755,00:00:10
Running,2024-04-17,4,Apr,2024,16,Charlotte Running,5.01,5-7 miles,3,614,00:42:56,01:32:19,49.38,04:44:00,241.07,175,188,4.3,171,181,00:08:34,00:06:05,72,59,1.1,8.2,9.0,251,336,333,486,"7,376",00:42:48,00:42:56,743,771,00:00:08
Running,2024-04-15,4,Apr,2024,16,Charlotte Running,4.5,3-5 miles,2,539,00:38:17,02:10:36,92.32,05:22:17,284.0,170,188,4.1,168,178,00:08:30,00:05:54,62,39,1.13,8.1,9.2,251,342,333,530,"6,466",00:37:30,00:38:17,745,778,00:00:47
Treadmill Running,2024-04-13,4,Apr,2024,15,Treadmill Running,3.02,3-5 miles,2,325,00:24:51,00:24:51,0.0,05:47:08,322.28,157,164,3.1,178,184,00:08:14,00:07:40,--,--,1.09,7.8,8.5,241,325,324,361,"4,434",00:24:44,00:24:51,--,--,00:00:07
Running,2024-04-11,4,Apr,2024,15,Charlotte Running,3.01,3-5 miles,2,287,00:23:15,00:48:06,24.85,06:10:23,347.13,144,180,2.9,176,198,00:07:44,00:06:04,213,262,1.17,7.6,8.9,238,381,366,539,"4,110",00:23:10,00:23:15,673,772,00:00:05
Running,2024-04-10,4,Apr,2024,15,Charlotte Running,4.01,3-5 miles,2,403,00:32:44,01:20:50,48.1,06:43:07,370.38,147,180,3.3,175,180,00:08:09,00:07:21,240,243,1.13,7.9,8.9,244,360,351,488,"5,726",00:32:35,00:32:44,667,765,00:00:09
Treadmill Running,2024-03-19,3,Mar,2024,12,Treadmill Running,3.1,3-5 miles,2,306,00:21:48,00:21:48,0.0,00:21:48,0.0,173,188,3.5,187,198,00:07:02,00:05:28,--,--,1.22,6.9,8.5,219,374,371,485,"4,054",00:21:44,00:21:48,--,--,00:00:04
Running,2024-03-14,3,Mar,2024,11,Charlotte Running,3.01,3-5 miles,2,332,00:23:58,00:23:58,0.0,00:45:46,21.8,170,186,3.6,174,188,00:07:58,00:06:34,167,200,1.17,7.8,9.0,241,368,352,503,"4,174",00:23:29,00:23:58,669,765,00:00:29
Treadmill Running,2024-02-13,2,Feb,2024,7,Treadmill Running,4.09,3-5 miles,2,454,00:33:39,00:33:39,0.0,00:33:39,0.0,168,175,3.7,175,181,00:08:14,00:07:53,--,--,1.12,7.9,8.8,243,328,324,345,"5,876",00:33:15,00:33:39,--,--,00:00:24
Treadmill Running,2024-02-04,2,Feb,2024,5,Treadmill Running,10.39,10-13 miles,5,"1,053",01:23:42,01:23:42,0.0,01:57:21,33.65,162,171,4.2,173,240,00:08:03,00:07:18,--,--,1.15,7.9,9.1,244,335,333,384,"14,458",01:22:54,01:23:42,--,--,00:00:48
Treadmill Running,2024-01-20,1,Jan,2024,3,Treadmill Running,7.42,7-10 miles,4,748,00:58:14,00:58:14,0.0,00:58:14,0.0,161,175,3.9,177,182,00:07:51,00:07:21,--,--,1.16,7.7,8.9,239,341,339,390,"10,274",00:58:03,00:58:14,--,--,00:00:11
Running,2024-01-13,1,Jan,2024,2,Charlotte Running,6.2,5-7 miles,3,737,00:50:54,00:50:54,0.0,01:49:08,58.23,178,205,5.0,176,185,00:08:12,00:06:31,456,476,1.11,7.9,8.7,243,362,353,511,"8,970",00:50:48,00:50:54,640,752,00:00:06
Treadmill Running,2024-01-08,1,Jan,2024,2,Treadmill Running,2.7,0-3 miles,1,301,00:21:58,01:12:52,50.9,02:11:06,109.13,169,173,3.2,175,182,00:08:07,00:07:36,--,--,1.13,7.7,8.7,239,336,328,367,"3,850",00:21:33,00:21:58,--,--,00:00:25
Treadmill Running,2024-01-03,1,Jan,2024,1,Treadmill Running,3.01,3-5 miles,2,357,00:23:53,00:23:53,0.0,02:34:59,131.1,178,194,3.8,177,180,00:07:56,00:07:35,--,--,1.14,7.7,8.8,239,338,335,376,"4,220",00:23:45,00:23:53,--,--,00:00:08
Treadmill Running,2023-12-06,12,Dec,2023,49,Treadmill Running,0.77,0-3 miles,1,104,00:14:28,00:14:28,0.0,00:14:28,0.0,111,119,0.4,130,134,00:18:48,00:17:51,--,--,0.66,9.1,6.0,432,127,125,135,"1,890",00:14:21,00:14:28,--,--,00:00:07
Treadmill Running,2023-12-04,12,Dec,2023,49,Treadmill Running,2.6,0-3 miles,1,283,00:20:32,00:35:00,14.47,00:35:00,14.47,160,170,3.0,174,180,00:07:54,00:05:56,--,--,1.38,7.1,9.8,226,403,398,464,"3,566",00:20:21,00:20:32,--,--,00:00:11
