calendarDate,sleepDurationHours,sleepDuration,sleepDurationFormatted,deepSleepHours,lightSleepHours,remSleepHours,awakeSleepHours,unmeasurableHours,averageRespiration,lowestRespiration,highestRespiration,awakeCount,avgSleepStress,restlessMomentCount,overallScore,qualityScore,durationScore,recoveryScore,deepScore,remScore,lightScore,awakeningsCountScore,awakeTimeScore,combinedAwakeScore,restfulnessScore,interruptionsScore,feedback,insight
2023-11-26,11.0,0 days 11:03:00,11:03:00,1.0,7.6,2.2,0.3,0.0,13.0,11.0,25.0,1.0,3.880000114440918,75.0,87.0,85.0,100.0,100.0,67.0,78.0,72.0,87.0,83.0,85.0,68.0,81.0,POSITIVE_LONG_AND_RECOVERING,NONE
2023-11-27,8.2,0 days 08:11:00,08:11:00,1.1,5.2,1.5,0.4,0.0,13.0,10.0,19.0,2.0,5.690000057220459,51.0,86.0,84.0,95.0,100.0,77.0,77.0,77.0,74.0,77.0,75.0,73.0,75.0,POSITIVE_LONG_AND_RECOVERING,NONE
2023-11-28,6.2,0 days 06:11:00,06:11:00,1.4,3.4,0.8,0.5,0.0,14.0,11.0,21.0,2.0,20.690000534057617,26.0,68.0,76.0,61.0,69.0,100.0,68.0,87.0,74.0,68.0,71.0,89.0,75.0,POSITIVE_DEEP,POSITIVE_RESTFUL_EVENING
2023-11-29,8.0,0 days 07:59:00,07:59:00,2.1,3.9,1.9,0.1,0.0,13.0,10.0,16.0,0.0,16.299999237060547,37.0,92.0,91.0,98.0,77.0,100.0,98.0,100.0,100.0,100.0,100.0,88.0,97.0,POSITIVE_OPTIMAL_STRUCTURE,POSITIVE_STRESSFUL_DAY
2023-11-30,7.4,0 days 07:26:00,07:26:00,2.0,3.6,1.9,0.0,0.0,13.0,11.0,20.0,0.0,14.09000015258789,33.0,90.0,94.0,86.0,84.0,100.0,100.0,100.0,100.0,100.0,100.0,92.0,98.0,POSITIVE_OPTIMAL_STRUCTURE,NONE
2023-12-01,8.3,0 days 08:17:00,08:17:00,1.6,4.3,2.0,0.4,0.0,13.0,11.0,16.0,1.0,14.479999542236328,38.0,90.0,88.0,97.0,82.0,99.0,100.0,97.0,87.0,75.0,81.0,88.0,83.0,POSITIVE_OPTIMAL_STRUCTURE,POSITIVE_STRESSFUL_DAY
2023-12-02,9.8,0 days 09:49:00,09:49:00,1.1,6.2,2.5,0.1,0.0,13.0,11.0,21.0,0.0,18.059999465942383,41.0,87.0,86.0,100.0,74.0,70.0,100.0,81.0,100.0,100.0,100.0,93.0,99.0,POSITIVE_LONG_AND_REFRESHING,POSITIVE_STRESSFUL_DAY
2023-12-03,9.9,0 days 09:56:00,09:56:00,1.1,7.0,1.6,0.2,0.0,13.0,11.0,17.0,1.0,13.569999694824219,55.0,85.0,81.0,100.0,86.0,70.0,72.0,70.0,87.0,87.0,87.0,79.0,85.0,POSITIVE_LONG_AND_CONTINUOUS,POSITIVE_LATE_BED_TIME
2023-12-04,8.2,0 days 08:14:00,08:14:00,1.6,4.8,1.5,0.3,0.0,13.0,10.0,16.0,2.0,14.0600004196167,37.0,87.0,83.0,97.0,84.0,99.0,76.0,86.0,74.0,79.0,76.0,88.0,78.0,POSITIVE_LONG_AND_DEEP,NONE
2023-12-05,9.2,0 days 09:14:00,09:14:00,1.4,5.4,2.1,0.3,0.0,13.0,11.0,15.0,1.0,13.600000381469727,44.0,91.0,87.0,100.0,86.0,81.0,96.0,87.0,87.0,85.0,86.0,86.0,86.0,POSITIVE_OPTIMAL_STRUCTURE,NONE
2023-12-06,8.5,0 days 08:29:00,08:29:00,1.6,5.0,1.8,0.1,0.0,13.0,11.0,21.0,0.0,12.65999984741211,34.0,95.0,93.0,100.0,89.0,96.0,86.0,89.0,100.0,100.0,100.0,95.0,99.0,POSITIVE_OPTIMAL_STRUCTURE,POSITIVE_EXERCISE
2023-12-07,8.5,0 days 08:28:00,08:28:00,1.0,5.4,1.9,0.1,0.0,13.0,11.0,15.0,1.0,15.4399995803833,45.0,88.0,84.0,100.0,79.0,72.0,95.0,79.0,87.0,96.0,91.0,81.0,89.0,POSITIVE_LONG_AND_REFRESHING,POSITIVE_EXERCISE
2023-12-08,8.8,0 days 08:51:00,08:51:00,1.6,5.5,1.3,0.5,0.0,13.0,11.0,20.0,2.0,18.030000686645508,50.0,82.0,77.0,100.0,74.0,96.0,69.0,78.0,74.0,73.0,73.0,76.0,74.0,POSITIVE_LONG_AND_DEEP,NONE
2023-12-09,8.8,0 days 08:49:00,08:49:00,1.5,5.2,1.5,0.6,0.0,14.0,11.0,17.0,1.0,15.460000038146973,48.0,85.0,80.0,100.0,79.0,93.0,75.0,82.0,87.0,64.0,75.0,77.0,76.0,POSITIVE_LONG_AND_DEEP,POSITIVE_STRESSFUL_DAY
2023-12-10,10.8,0 days 10:48:00,10:48:00,1.9,6.8,1.7,0.4,0.0,13.0,11.0,20.0,2.0,22.049999237060547,61.0,80.0,74.0,100.0,66.0,91.0,70.0,78.0,74.0,77.0,75.0,77.0,76.0,POSITIVE_LONG_AND_DEEP,POSITIVE_LATE_BED_TIME
2023-12-11,9.2,0 days 09:15:00,09:15:00,1.9,4.7,2.3,0.4,0.0,14.0,9.0,21.0,2.0,5.610000133514404,47.0,93.0,92.0,100.0,100.0,100.0,100.0,100.0,74.0,78.0,76.0,82.0,77.0,POSITIVE_HIGHLY_RECOVERING,NONE
2023-12-12,8.0,0 days 08:03:00,08:03:00,1.5,4.8,1.3,0.4,0.0,13.0,11.0,19.0,1.0,12.90999984741211,37.0,86.0,85.0,91.0,88.0,97.0,72.0,81.0,87.0,74.0,80.0,88.0,82.0,POSITIVE_LONG_AND_DEEP,NONE
2023-12-13,7.8,0 days 07:47:00,07:47:00,0.9,5.5,1.1,0.2,0.0,13.0,10.0,15.0,1.0,16.219999313354492,40.0,81.0,78.0,89.0,78.0,73.0,68.0,69.0,87.0,88.0,87.0,82.0,86.0,POSITIVE_LONG_AND_CONTINUOUS,POSITIVE_STRESSFUL_DAY
2023-12-14,8.6,0 days 08:37:00,08:37:00,1.4,5.0,1.9,0.4,0.0,13.0,11.0,16.0,1.0,13.869999885559082,59.0,88.0,83.0,100.0,85.0,82.0,90.0,85.0,87.0,76.0,81.0,68.0,79.0,POSITIVE_LONG_AND_REFRESHING,POSITIVE_EXERCISE
2023-12-15,8.1,0 days 08:04:00,08:04:00,1.7,4.0,1.9,0.5,0.0,13.0,11.0,20.0,2.0,7.110000133514404,63.0,86.0,90.0,90.0,100.0,100.0,100.0,100.0,74.0,72.0,73.0,57.0,70.0,NEGATIVE_LONG_BUT_RESTLESS,NEGATIVE_STRESSFUL_DAY
2023-12-16,8.7,0 days 08:44:00,08:44:00,1.5,4.5,2.1,0.6,0.0,13.0,9.0,16.0,2.0,19.190000534057617,23.0,84.0,81.0,100.0,72.0,90.0,100.0,95.0,74.0,64.0,69.0,100.0,75.0,POSITIVE_LONG_AND_REFRESHING,POSITIVE_STRESSFUL_DAY
2023-12-17,9.4,0 days 09:26:00,09:26:00,1.0,6.2,1.6,0.7,0.0,14.0,11.0,19.0,2.0,42.310001373291016,41.0,49.0,48.0,100.0,0.0,71.0,74.0,72.0,74.0,61.0,67.0,88.0,72.0,NEGATIVE_LONG_BUT_NOT_RESTORATIVE,NEGATIVE_HIGHLY_STRESSFUL_DAY
2023-12-18,7.8,0 days 07:48:00,07:48:00,1.2,5.7,0.9,0.0,0.0,14.0,12.0,18.0,0.0,9.470000267028809,54.0,86.0,87.0,95.0,100.0,78.0,61.0,68.0,100.0,100.0,100.0,68.0,92.0,POSITIVE_LONG_AND_RECOVERING,POSITIVE_LATE_BED_TIME
2023-12-19,8.9,0 days 08:55:00,08:55:00,1.4,5.4,1.5,0.7,0.0,13.0,11.0,16.0,3.0,19.760000228881836,53.0,77.0,71.0,100.0,70.0,83.0,75.0,79.0,61.0,61.0,61.0,73.0,63.0,POSITIVE_LONG_AND_DEEP,POSITIVE_STRESSFUL_DAY
2023-12-20,8.9,0 days 08:52:00,08:52:00,2.1,4.7,1.9,0.2,0.0,14.0,11.0,18.0,1.0,18.170000076293945,43.0,88.0,85.0,100.0,74.0,100.0,86.0,98.0,87.0,91.0,89.0,85.0,88.0,POSITIVE_LONG_AND_DEEP,POSITIVE_STRESSFUL_DAY
2023-12-21,9.0,0 days 08:57:00,08:57:00,1.7,5.3,1.8,0.1,0.0,13.0,11.0,17.0,0.0,11.34000015258789,41.0,95.0,93.0,100.0,95.0,98.0,78.0,86.0,100.0,99.0,99.0,89.0,97.0,POSITIVE_OPTIMAL_STRUCTURE,NONE
2023-12-22,9.0,0 days 08:57:00,08:57:00,2.0,5.2,1.5,0.3,0.0,13.0,11.0,17.0,1.0,24.549999237060547,38.0,80.0,78.0,100.0,61.0,100.0,72.0,87.0,87.0,81.0,84.0,91.0,86.0,POSITIVE_LONG_AND_DEEP,POSITIVE_STRESSFUL_DAY
2023-12-23,7.6,0 days 07:35:00,07:35:00,1.5,4.7,0.8,0.7,0.0,13.0,10.0,16.0,3.0,9.489999771118164,45.0,75.0,81.0,77.0,100.0,100.0,61.0,76.0,61.0,61.0,61.0,73.0,63.0,POSITIVE_RECOVERING,POSITIVE_STRESSFUL_DAY
2023-12-24,10.3,0 days 10:17:00,10:17:00,0.9,6.8,1.6,1.0,0.0,14.0,11.0,22.0,3.0,19.860000610351562,70.0,71.0,64.0,100.0,70.0,67.0,71.0,68.0,61.0,39.0,50.0,64.0,54.0,NEGATIVE_LONG_BUT_DISCONTINUOUS,NONE
2023-12-25,9.3,0 days 09:16:00,09:16:00,1.9,5.4,1.8,0.1,0.0,13.0,11.0,17.0,0.0,5.300000190734863,60.0,94.0,93.0,100.0,100.0,100.0,78.0,89.0,100.0,95.0,97.0,71.0,91.0,POSITIVE_HIGHLY_RECOVERING,NONE
2023-12-26,8.8,0 days 08:49:00,08:49:00,1.8,5.3,1.2,0.5,0.0,14.0,10.0,18.0,1.0,8.960000038146973,61.0,87.0,87.0,100.0,100.0,100.0,67.0,80.0,87.0,72.0,79.0,66.0,77.0,POSITIVE_LONG_AND_RECOVERING,NONE
2023-12-27,8.0,0 days 08:00:00,08:00:00,1.6,4.7,1.4,0.3,0.0,13.0,11.0,16.0,2.0,14.84000015258789,53.0,83.0,81.0,92.0,81.0,100.0,74.0,84.0,74.0,81.0,77.0,69.0,75.0,POSITIVE_LONG_AND_DEEP,POSITIVE_LATE_BED_TIME
2023-12-28,6.4,0 days 06:24:00,06:24:00,1.9,3.0,1.1,0.3,0.0,13.0,10.0,19.0,1.0,14.229999542236328,34.0,75.0,85.0,66.0,83.0,100.0,75.0,100.0,87.0,83.0,85.0,79.0,84.0,POSITIVE_DEEP,NONE
2023-12-29,8.4,0 days 08:25:00,08:25:00,1.8,4.5,1.6,0.5,0.0,14.0,11.0,18.0,3.0,33.209999084472656,25.0,50.0,54.0,99.0,0.0,100.0,80.0,93.0,61.0,71.0,66.0,100.0,71.0,NEGATIVE_LONG_BUT_NOT_RESTORATIVE,NEGATIVE_HIGHLY_STRESSFUL_DAY
2023-12-30,7.9,0 days 07:54:00,07:54:00,1.8,4.0,2.0,0.0,0.0,14.0,11.0,22.0,0.0,5.329999923706055,55.0,97.0,97.0,98.0,100.0,100.0,100.0,100.0,100.0,100.0,100.0,68.0,92.0,POSITIVE_HIGHLY_RECOVERING,POSITIVE_RESTFUL_EVENING
2023-12-31,8.3,0 days 08:17:00,08:17:00,1.6,5.3,1.1,0.2,0.0,14.0,11.0,20.0,1.0,13.510000228881836,43.0,88.0,86.0,100.0,86.0,100.0,66.0,78.0,87.0,93.0,90.0,82.0,88.0,POSITIVE_LONG_AND_DEEP,POSITIVE_LATE_BED_TIME
2024-01-01,8.3,0 days 08:18:00,08:18:00,1.6,4.9,1.7,0.1,0.0,14.0,11.0,16.0,0.0,19.280000686645508,43.0,87.0,85.0,100.0,71.0,99.0,79.0,88.0,100.0,95.0,97.0,83.0,95.0,POSITIVE_LONG_AND_DEEP,NONE
2024-01-02,7.3,0 days 07:18:00,07:18:00,1.9,4.0,1.4,0.0,0.0,13.0,11.0,16.0,0.0,6.340000152587891,37.0,89.0,96.0,83.0,100.0,100.0,85.0,100.0,100.0,100.0,100.0,84.0,96.0,POSITIVE_LONG_AND_RECOVERING,NONE
2024-01-03,8.3,0 days 08:16:00,08:16:00,1.9,4.1,2.0,0.2,0.0,13.0,10.0,16.0,1.0,16.549999237060547,48.0,90.0,87.0,100.0,77.0,100.0,100.0,100.0,87.0,89.0,88.0,76.0,85.0,POSITIVE_OPTIMAL_STRUCTURE,NONE
2024-01-04,8.8,0 days 08:47:00,08:47:00,1.6,5.5,1.6,0.1,0.0,13.0,9.0,18.0,0.0,22.5,44.0,83.0,82.0,100.0,65.0,94.0,75.0,83.0,100.0,100.0,100.0,85.0,97.0,POSITIVE_LONG_AND_CONTINUOUS,POSITIVE_STRESSFUL_DAY
2024-01-05,8.5,0 days 08:28:00,08:28:00,1.6,5.3,1.4,0.2,0.0,13.0,9.0,16.0,0.0,16.399999618530273,43.0,88.0,85.0,100.0,77.0,95.0,73.0,81.0,100.0,93.0,96.0,83.0,94.0,POSITIVE_LONG_AND_CONTINUOUS,POSITIVE_STRESSFUL_DAY
2024-01-06,11.0,0 days 11:02:00,11:02:00,0.7,6.8,3.5,0.0,0.0,13.0,9.0,16.0,0.0,15.329999923706055,65.0,84.0,81.0,100.0,79.0,60.0,79.0,83.0,100.0,100.0,100.0,77.0,95.0,POSITIVE_LONG_AND_CONTINUOUS,POSITIVE_STRESSFUL_DAY
2024-01-07,7.2,0 days 07:09:00,07:09:00,1.3,4.5,0.7,0.7,0.0,13.0,10.0,20.0,2.0,15.739999771118164,29.0,72.0,77.0,71.0,79.0,100.0,59.0,74.0,74.0,61.0,67.0,90.0,72.0,NEGATIVE_NOT_ENOUGH_REM,NEGATIVE_LATE_STRENUOUS_EXERCISE
2024-01-08,9.4,0 days 09:24:00,09:24:00,1.8,5.3,1.9,0.3,0.0,14.0,11.0,19.0,1.0,18.479999542236328,42.0,87.0,83.0,100.0,73.0,100.0,82.0,90.0,87.0,83.0,85.0,89.0,86.0,POSITIVE_LONG_AND_DEEP,POSITIVE_STRESSFUL_DAY
2024-01-09,9.2,0 days 09:14:00,09:14:00,0.9,5.9,2.4,0.0,0.0,13.0,9.0,17.0,0.0,16.540000915527344,48.0,87.0,86.0,100.0,77.0,68.0,100.0,80.0,100.0,100.0,100.0,84.0,96.0,POSITIVE_LONG_AND_REFRESHING,NONE
2024-01-10,8.3,0 days 08:20:00,08:20:00,2.0,4.4,1.9,0.0,0.0,13.0,11.0,16.0,0.0,14.609999656677246,47.0,93.0,91.0,100.0,82.0,100.0,92.0,100.0,100.0,100.0,100.0,79.0,95.0,POSITIVE_OPTIMAL_STRUCTURE,NONE
2024-01-11,8.9,0 days 08:54:00,08:54:00,1.0,6.1,1.7,0.1,0.0,13.0,11.0,17.0,0.0,18.31999969482422,42.0,84.0,81.0,100.0,73.0,71.0,76.0,73.0,100.0,100.0,100.0,87.0,97.0,POSITIVE_LONG_AND_CONTINUOUS,POSITIVE_EXERCISE
2024-01-12,8.8,0 days 08:51:00,08:51:00,1.6,4.9,2.2,0.1,0.0,13.0,11.0,16.0,0.0,12.199999809265137,46.0,96.0,95.0,100.0,91.0,94.0,100.0,95.0,100.0,100.0,100.0,83.0,96.0,POSITIVE_OPTIMAL_STRUCTURE,POSITIVE_STRESSFUL_DAY
2024-01-13,12.3,0 days 12:16:00,12:16:00,1.7,6.8,3.2,0.6,0.0,13.0,9.0,16.0,1.0,11.529999732971191,66.0,90.0,87.0,100.0,94.0,78.0,100.0,91.0,87.0,66.0,76.0,79.0,78.0,POSITIVE_OPTIMAL_STRUCTURE,NONE
2024-01-14,12.2,0 days 12:14:00,12:14:00,0.8,7.8,2.8,0.8,0.0,14.0,10.0,19.0,2.0,7.929999828338623,87.0,81.0,82.0,100.0,100.0,63.0,100.0,75.0,74.0,53.0,63.0,63.0,64.0,POSITIVE_LONG_AND_RECOVERING,NONE
2024-01-15,11.7,0 days 11:40:00,11:40:00,1.8,6.0,3.6,0.3,0.0,13.0,9.0,17.0,1.0,12.550000190734863,61.0,89.0,84.0,100.0,90.0,79.0,78.0,100.0,87.0,80.0,83.0,82.0,84.0,POSITIVE_LONG_AND_RECOVERING,NONE
2024-01-16,9.6,0 days 09:33:00,09:33:00,2.2,4.8,2.2,0.4,0.0,14.0,10.0,19.0,1.0,11.710000038146973,54.0,93.0,91.0,100.0,93.0,100.0,100.0,100.0,87.0,76.0,81.0,77.0,81.0,POSITIVE_OPTIMAL_STRUCTURE,NONE
2024-01-17,8.4,0 days 08:27:00,08:27:00,1.0,5.1,1.4,0.9,0.0,13.0,9.0,15.0,3.0,16.899999618530273,40.0,74.0,70.0,88.0,76.0,76.0,75.0,75.0,61.0,43.0,52.0,82.0,58.0,NEGATIVE_LONG_BUT_DISCONTINUOUS,NEGATIVE_STRESSFUL_DAY
2024-01-18,8.8,0 days 08:49:00,08:49:00,1.9,4.9,1.5,0.6,0.0,13.0,11.0,17.0,2.0,17.469999313354492,35.0,84.0,79.0,100.0,75.0,100.0,75.0,89.0,74.0,67.0,70.0,93.0,75.0,POSITIVE_LONG_AND_DEEP,NONE
2024-01-19,3.1,0 days 03:06:00,03:06:00,0.4,1.1,1.7,1.6,0.0,14.0,11.0,22.0,3.0,19.309999465942383,12.0,84.02110817941953,83.8047493403694,93.4802110817942,83.36411609498681,88.04485488126649,80.84696569920844,85.25857519788919,85.56200527704486,82.51451187335093,83.84696569920844,82.0712401055409,83.39841688654353,NONE,NONE
2024-01-20,11.6,0 days 11:36:00,11:36:00,0.9,6.9,2.8,1.0,0.0,13.0,10.0,18.0,2.0,8.069999694824219,60.0,81.0,82.0,100.0,100.0,65.0,100.0,78.0,74.0,39.0,56.0,79.0,62.0,NEGATIVE_LONG_BUT_DISCONTINUOUS,NONE
2024-01-21,10.9,0 days 10:54:00,10:54:00,0.8,7.3,2.5,0.3,0.0,13.0,10.0,16.0,1.0,11.149999618530273,57.0,87.0,86.0,100.0,95.0,63.0,96.0,74.0,87.0,79.0,83.0,81.0,83.0,POSITIVE_LONG_AND_REFRESHING,NONE
2024-01-22,8.4,0 days 08:23:00,08:23:00,1.5,5.1,1.1,0.7,0.0,13.0,9.0,21.0,3.0,9.399999618530273,42.0,81.0,82.0,93.0,100.0,99.0,67.0,77.0,61.0,59.0,60.0,80.0,64.0,POSITIVE_LONG_AND_RECOVERING,NONE
2024-01-23,8.8,0 days 08:46:00,08:46:00,2.0,3.9,1.6,1.2,0.0,14.0,11.0,20.0,2.0,18.8799991607666,43.0,75.0,73.0,90.0,72.0,100.0,82.0,100.0,74.0,29.0,51.0,79.0,57.0,NEGATIVE_LONG_BUT_DISCONTINUOUS,NEGATIVE_STRESSFUL_DAY
2024-01-24,8.4,0 days 08:22:00,08:22:00,1.4,4.8,1.8,0.3,0.0,12.0,9.0,16.0,1.0,12.5,43.0,92.0,89.0,100.0,90.0,89.0,91.0,88.0,87.0,85.0,86.0,83.0,86.0,POSITIVE_OPTIMAL_STRUCTURE,POSITIVE_RESTFUL_EVENING
2024-01-25,9.8,0 days 09:46:00,09:46:00,1.4,6.4,1.7,0.3,0.0,14.0,11.0,22.0,1.0,8.9399995803833,53.0,89.0,87.0,100.0,100.0,77.0,74.0,75.0,87.0,84.0,85.0,79.0,84.0,POSITIVE_LONG_AND_RECOVERING,POSITIVE_STRESSFUL_DAY
2024-01-26,7.0,0 days 07:03:00,07:03:00,1.1,4.6,0.6,0.8,0.0,13.0,11.0,17.0,2.0,19.389999389648438,30.0,68.0,70.0,69.0,71.0,89.0,51.0,69.0,74.0,55.0,64.0,87.0,69.0,NEGATIVE_NOT_ENOUGH_REM,NEGATIVE_HIGHLY_STRESSFUL_DAY
2024-01-27,11.1,0 days 11:05:00,11:05:00,1.4,6.4,3.0,0.2,0.0,14.0,10.0,21.0,0.0,6.420000076293945,66.0,94.0,93.0,100.0,100.0,75.0,100.0,89.0,100.0,91.0,95.0,75.0,91.0,POSITIVE_HIGHLY_RECOVERING,POSITIVE_RESTFUL_EVENING
2024-01-28,10.5,0 days 10:29:00,10:29:00,1.8,6.1,2.1,0.6,0.0,13.0,9.0,17.0,2.0,15.010000228881836,56.0,84.0,79.0,100.0,80.0,90.0,80.0,85.0,74.0,66.0,70.0,79.0,72.0,POSITIVE_LONG_AND_DEEP,POSITIVE_STRESSFUL_DAY
2024-01-29,9.0,0 days 08:59:00,08:59:00,2.0,4.4,1.7,0.8,0.0,13.0,10.0,17.0,4.0,13.979999542236328,54.0,71.0,73.0,100.0,84.0,100.0,79.0,97.0,32.0,50.0,41.0,71.0,45.0,NEGATIVE_LONG_BUT_DISCONTINUOUS,NONE
2024-01-30,9.0,0 days 09:00:00,09:00:00,2.0,4.8,1.7,0.4,0.0,14.0,11.0,21.0,2.0,13.020000457763672,42.0,88.0,84.0,100.0,88.0,100.0,77.0,93.0,74.0,74.0,74.0,86.0,76.0,POSITIVE_LONG_AND_DEEP,NONE
2024-01-31,8.6,0 days 08:38:00,08:38:00,1.1,5.8,1.4,0.3,0.0,13.0,10.0,19.0,2.0,19.469999313354492,36.0,81.0,74.0,100.0,71.0,75.0,71.0,72.0,74.0,79.0,76.0,91.0,79.0,POSITIVE_LONG_AND_CALM,POSITIVE_EXERCISE
2024-02-01,9.0,0 days 09:01:00,09:01:00,1.4,5.1,2.3,0.2,0.0,13.0,11.0,24.0,1.0,13.109999656677246,48.0,92.0,89.0,100.0,88.0,81.0,100.0,92.0,87.0,91.0,89.0,81.0,87.0,POSITIVE_OPTIMAL_STRUCTURE,POSITIVE_STRESSFUL_DAY
2024-02-02,8.5,0 days 08:31:00,08:31:00,0.8,5.7,1.1,1.0,0.0,13.0,10.0,16.0,5.0,14.850000381469727,43.0,59.0,59.0,89.0,81.0,69.0,67.0,66.0,0.0,41.0,20.0,78.0,29.0,NEGATIVE_LONG_BUT_POOR_QUALITY,NEGATIVE_HIGHLY_STRESSFUL_DAY
2024-02-03,9.4,0 days 09:26:00,09:26:00,1.4,6.5,1.0,0.5,0.0,13.0,9.0,16.0,2.0,22.84000015258789,55.0,76.0,69.0,100.0,64.0,80.0,60.0,69.0,74.0,73.0,73.0,75.0,74.0,POSITIVE_LONG_AND_DEEP,POSITIVE_STRESSFUL_DAY
2024-02-04,9.9,0 days 09:54:00,09:54:00,1.6,6.0,1.9,0.4,0.0,13.0,11.0,16.0,2.0,20.06999969482422,47.0,82.0,76.0,100.0,70.0,83.0,78.0,81.0,74.0,75.0,74.0,85.0,76.0,POSITIVE_LONG_AND_CALM,POSITIVE_LATE_BED_TIME
2024-02-05,8.7,0 days 08:42:00,08:42:00,0.4,6.2,1.5,0.5,0.0,13.0,11.0,19.0,3.0,17.899999618530273,34.0,75.0,69.0,100.0,74.0,51.0,75.0,64.0,61.0,68.0,64.0,93.0,69.0,NEGATIVE_LONG_BUT_LIGHT,NEGATIVE_LATE_STRENUOUS_EXERCISE
2024-02-06,10.6,0 days 10:33:00,10:33:00,1.9,6.2,2.3,0.1,0.0,13.0,9.0,18.0,0.0,7.03000020980835,57.0,96.0,94.0,100.0,100.0,90.0,87.0,87.0,100.0,96.0,98.0,80.0,94.0,POSITIVE_HIGHLY_RECOVERING,POSITIVE_STRESSFUL_DAY
2024-02-07,8.2,0 days 08:13:00,08:13:00,1.6,4.5,1.9,0.2,0.0,13.0,10.0,16.0,1.0,8.300000190734863,43.0,96.0,95.0,100.0,100.0,100.0,96.0,95.0,87.0,92.0,89.0,81.0,87.0,POSITIVE_HIGHLY_RECOVERING,NONE
2024-02-08,7.7,0 days 07:42:00,07:42:00,1.2,5.3,1.1,0.1,0.0,13.0,11.0,16.0,0.0,16.940000534057617,43.0,82.0,81.0,90.0,76.0,79.0,66.0,72.0,100.0,99.0,99.0,79.0,95.0,POSITIVE_LONG_AND_CONTINUOUS,POSITIVE_LATE_BED_TIME
2024-02-09,9.1,0 days 09:06:00,09:06:00,1.7,5.0,1.9,0.4,0.0,14.0,11.0,19.0,2.0,18.920000076293945,56.0,84.0,80.0,100.0,72.0,100.0,86.0,91.0,74.0,75.0,74.0,73.0,74.0,POSITIVE_LONG_AND_DEEP,POSITIVE_STRESSFUL_DAY
2024-02-10,8.0,0 days 08:03:00,08:03:00,1.5,4.5,2.0,0.0,0.0,14.0,11.0,22.0,0.0,10.739999771118164,29.0,98.0,97.0,100.0,97.0,92.0,100.0,94.0,100.0,100.0,100.0,97.0,99.0,POSITIVE_OPTIMAL_STRUCTURE,POSITIVE_STRESSFUL_DAY
2024-02-11,8.5,0 days 08:31:00,08:31:00,1.6,5.8,0.7,0.3,0.0,14.0,12.0,20.0,1.0,20.0,49.0,76.0,75.0,100.0,70.0,100.0,46.0,71.0,87.0,79.0,83.0,76.0,82.0,NEGATIVE_LONG_BUT_NOT_ENOUGH_REM,NEGATIVE_HIGHLY_STRESSFUL_DAY
2024-02-12,9.2,0 days 09:10:00,09:10:00,1.5,5.1,2.4,0.2,0.0,14.0,10.0,21.0,1.0,19.290000915527344,54.0,86.0,82.0,100.0,71.0,82.0,100.0,93.0,87.0,88.0,87.0,76.0,85.0,POSITIVE_LONG_AND_REFRESHING,POSITIVE_STRESSFUL_DAY
2024-02-13,9.0,0 days 08:58:00,08:58:00,1.3,5.5,1.9,0.3,0.0,13.0,11.0,20.0,1.0,18.059999465942383,46.0,86.0,81.0,100.0,74.0,78.0,88.0,82.0,87.0,85.0,86.0,82.0,85.0,POSITIVE_LONG_AND_REFRESHING,POSITIVE_STRESSFUL_DAY
2024-02-14,7.8,0 days 07:48:00,07:48:00,1.3,5.1,1.3,0.1,0.0,13.0,11.0,16.0,0.0,20.350000381469727,40.0,83.0,81.0,93.0,69.0,86.0,72.0,78.0,100.0,99.0,99.0,83.0,96.0,POSITIVE_LONG_AND_CONTINUOUS,POSITIVE_STRESSFUL_DAY
2024-02-15,8.6,0 days 08:39:00,08:39:00,1.7,5.6,1.2,0.1,0.0,13.0,9.0,15.0,0.0,8.920000076293945,48.0,92.0,93.0,100.0,100.0,100.0,67.0,78.0,100.0,97.0,98.0,79.0,94.0,POSITIVE_HIGHLY_RECOVERING,POSITIVE_STRESSFUL_DAY
2024-02-16,7.3,0 days 07:17:00,07:17:00,1.3,4.3,1.6,0.1,0.0,12.0,10.0,14.0,0.0,19.290000915527344,32.0,82.0,86.0,81.0,71.0,90.0,87.0,87.0,100.0,100.0,100.0,91.0,98.0,POSITIVE_LONG_AND_CONTINUOUS,POSITIVE_STRESSFUL_DAY
2024-02-17,10.0,0 days 10:02:00,10:02:00,1.4,6.5,2.1,0.1,0.0,13.0,9.0,23.0,0.0,14.289999961853027,55.0,89.0,85.0,100.0,83.0,76.0,80.0,79.0,100.0,100.0,100.0,80.0,95.0,POSITIVE_LONG_AND_CONTINUOUS,POSITIVE_STRESSFUL_DAY
2024-02-18,9.6,0 days 09:36:00,09:36:00,1.5,6.0,1.6,0.4,0.0,13.0,12.0,16.0,2.0,26.889999389648438,49.0,65.0,64.0,100.0,37.0,83.0,74.0,78.0,74.0,74.0,74.0,82.0,76.0,NEGATIVE_LONG_BUT_NOT_RESTORATIVE,NEGATIVE_HIGHLY_STRESSFUL_DAY
2024-02-19,11.0,0 days 11:01:00,11:01:00,1.6,6.1,3.0,0.3,0.0,13.0,9.0,17.0,1.0,6.400000095367432,76.0,92.0,90.0,100.0,100.0,78.0,98.0,93.0,87.0,85.0,86.0,67.0,82.0,POSITIVE_HIGHLY_RECOVERING,NONE
2024-02-20,7.3,0 days 07:18:00,07:18:00,0.9,4.9,1.4,0.1,0.0,13.0,11.0,15.0,0.0,10.40999984741211,47.0,83.0,88.0,80.0,98.0,73.0,76.0,74.0,100.0,96.0,98.0,72.0,92.0,POSITIVE_LONG_AND_RECOVERING,POSITIVE_EXERCISE
2024-02-21,7.4,0 days 07:21:00,07:21:00,2.0,3.6,1.5,0.2,0.0,13.0,9.0,15.0,1.0,8.25,43.0,86.0,93.0,80.0,100.0,100.0,83.0,100.0,87.0,91.0,89.0,76.0,86.0,POSITIVE_LONG_AND_RECOVERING,POSITIVE_LATE_BED_TIME
2024-02-22,8.7,0 days 08:41:00,08:41:00,2.0,4.5,1.5,0.7,0.0,13.0,9.0,16.0,1.0,14.380000114440918,31.0,87.0,83.0,100.0,82.0,100.0,76.0,95.0,87.0,59.0,73.0,98.0,78.0,POSITIVE_LONG_AND_DEEP,NONE
2024-02-23,9.9,0 days 09:52:00,09:52:00,2.0,5.2,2.2,0.4,0.0,13.0,11.0,18.0,2.0,15.989999771118164,49.0,87.0,84.0,100.0,78.0,100.0,94.0,96.0,74.0,74.0,74.0,83.0,76.0,POSITIVE_LONG_AND_DEEP,NONE
2024-02-24,6.9,0 days 06:52:00,06:52:00,1.3,4.2,1.3,0.0,0.0,14.0,11.0,16.0,0.0,19.1299991607666,18.0,79.0,86.0,76.0,72.0,96.0,76.0,84.0,100.0,100.0,100.0,100.0,100.0,POSITIVE_CONTINUOUS,POSITIVE_STRESSFUL_DAY
2024-02-25,11.0,0 days 11:02:00,11:02:00,1.9,5.1,2.2,1.8,0.0,13.0,10.0,19.0,5.0,7.0,48.0,57.0,72.0,100.0,100.0,100.0,100.0,97.0,0.0,0.0,0.0,84.0,16.0,NEGATIVE_LONG_BUT_DISCONTINUOUS,NONE
2024-02-26,8.3,0 days 08:20:00,08:20:00,0.9,6.0,0.9,0.5,0.0,13.0,9.0,17.0,2.0,12.229999542236328,54.0,79.0,76.0,95.0,91.0,71.0,61.0,64.0,74.0,68.0,71.0,69.0,71.0,POSITIVE_LONG_AND_RECOVERING,POSITIVE_STRESSFUL_DAY
2024-02-27,8.5,0 days 08:32:00,08:32:00,2.0,3.9,2.4,0.2,0.0,13.0,11.0,17.0,1.0,11.489999771118164,33.0,96.0,94.0,100.0,94.0,100.0,93.0,100.0,87.0,93.0,90.0,96.0,91.0,POSITIVE_OPTIMAL_STRUCTURE,NONE
2024-02-28,8.8,0 days 08:46:00,08:46:00,2.2,4.6,1.6,0.4,0.0,13.0,10.0,17.0,1.0,17.3799991607666,41.0,86.0,82.0,100.0,75.0,100.0,75.0,97.0,87.0,75.0,81.0,86.0,82.0,POSITIVE_LONG_AND_DEEP,POSITIVE_STRESSFUL_DAY
2024-02-29,7.5,0 days 07:28:00,07:28:00,2.0,3.8,1.4,0.2,0.0,14.0,11.0,15.0,1.0,9.5,47.0,86.0,91.0,82.0,100.0,100.0,78.0,100.0,87.0,89.0,88.0,72.0,84.0,POSITIVE_LONG_AND_RECOVERING,POSITIVE_STRESSFUL_DAY
2024-03-01,8.5,0 days 08:29:00,08:29:00,1.0,6.0,1.0,0.5,0.0,13.0,11.0,16.0,2.0,23.690000534057617,36.0,76.0,69.0,100.0,63.0,73.0,63.0,67.0,74.0,73.0,73.0,91.0,77.0,POSITIVE_LONG_AND_CALM,NONE
2024-03-02,7.4,0 days 07:22:00,07:22:00,1.1,4.7,1.4,0.1,0.0,14.0,11.0,21.0,0.0,18.93000030517578,36.0,81.0,83.0,82.0,72.0,79.0,78.0,79.0,100.0,100.0,100.0,87.0,97.0,POSITIVE_LONG_AND_CONTINUOUS,POSITIVE_STRESSFUL_DAY
2024-03-03,6.0,0 days 06:03:00,06:03:00,1.1,4.2,0.7,0.0,0.0,14.0,12.0,18.0,0.0,18.450000762939453,28.0,72.0,83.0,66.0,73.0,94.0,61.0,73.0,100.0,100.0,100.0,89.0,98.0,POSITIVE_CONTINUOUS,POSITIVE_STRESSFUL_DAY
2024-03-04,8.8,0 days 08:45:00,08:45:00,2.7,3.9,1.9,0.3,0.0,13.0,9.0,15.0,1.0,5.699999809265137,42.0,94.0,93.0,100.0,100.0,100.0,86.0,100.0,87.0,81.0,84.0,86.0,85.0,POSITIVE_HIGHLY_RECOVERING,NONE
2024-03-05,8.6,0 days 08:33:00,08:33:00,1.0,5.8,1.3,0.4,0.0,13.0,12.0,15.0,2.0,12.90999984741211,35.0,84.0,79.0,100.0,88.0,73.0,70.0,71.0,74.0,75.0,74.0,92.0,78.0,POSITIVE_LONG_AND_CALM,NONE
2024-03-06,9.0,0 days 08:57:00,08:57:00,1.5,5.5,1.5,0.4,0.0,13.0,10.0,16.0,2.0,10.970000267028809,55.0,86.0,83.0,100.0,96.0,86.0,74.0,79.0,74.0,76.0,75.0,73.0,74.0,POSITIVE_LONG_AND_RECOVERING,POSITIVE_STRESSFUL_DAY
2024-03-07,8.6,0 days 08:38:00,08:38:00,1.4,4.8,1.7,0.6,0.0,13.0,10.0,17.0,1.0,16.100000381469727,41.0,86.0,81.0,100.0,78.0,90.0,83.0,86.0,87.0,62.0,74.0,84.0,77.0,POSITIVE_LONG_AND_DEEP,POSITIVE_STRESSFUL_DAY
2024-03-08,8.8,0 days 08:51:00,08:51:00,2.0,5.0,1.7,0.2,0.0,14.0,11.0,18.0,1.0,21.1200008392334,42.0,84.0,82.0,100.0,68.0,100.0,78.0,92.0,87.0,91.0,89.0,86.0,88.0,POSITIVE_LONG_AND_DEEP,POSITIVE_STRESSFUL_DAY
2024-03-09,9.9,0 days 09:53:00,09:53:00,1.2,6.7,1.4,0.6,0.0,14.0,12.0,18.0,2.0,20.520000457763672,51.0,78.0,71.0,100.0,69.0,74.0,68.0,70.0,74.0,64.0,69.0,81.0,72.0,POSITIVE_LONG_AND_CALM,POSITIVE_STRESSFUL_DAY
2024-03-10,9.8,0 days 09:48:00,09:48:00,2.0,6.3,1.5,0.0,0.0,14.0,12.0,21.0,0.0,39.34000015258789,46.0,60.0,69.0,100.0,26.0,100.0,68.0,79.0,100.0,100.0,100.0,88.0,97.0,NEGATIVE_LONG_BUT_NOT_RESTORATIVE,NONE
2024-03-11,9.7,0 days 09:42:00,09:42:00,1.7,5.7,2.1,0.2,0.0,13.0,10.0,19.0,1.0,5.539999961853027,48.0,95.0,93.0,100.0,100.0,91.0,89.0,88.0,87.0,92.0,89.0,85.0,88.0,POSITIVE_HIGHLY_RECOVERING,POSITIVE_EXERCISE
2024-03-12,8.3,0 days 08:20:00,08:20:00,1.1,5.5,1.4,0.2,0.0,13.0,11.0,17.0,1.0,13.359999656677246,51.0,87.0,82.0,100.0,87.0,76.0,74.0,75.0,87.0,89.0,88.0,74.0,85.0,POSITIVE_LONG_AND_CONTINUOUS,POSITIVE_LATE_BED_TIME
2024-03-13,9.3,0 days 09:18:00,09:18:00,1.3,6.0,1.6,0.5,0.0,16.0,15.0,17.0,2.0,16.170000076293945,56.0,82.0,75.0,100.0,78.0,77.0,73.0,75.0,74.0,73.0,73.0,73.0,73.0,POSITIVE_LONG_AND_RECOVERING,POSITIVE_STRESSFUL_DAY
2024-03-14,8.567631578947369,0 days 08:34:03,08:34:03,1.5,5.0,1.7,0.3,0.0,13.436507936507937,10.61111111111111,17.685185185185187,1.0736842105263158,14.716210509601392,44.48684210526316,84.02110817941953,83.8047493403694,93.4802110817942,83.36411609498681,88.04485488126649,80.84696569920844,85.25857519788919,85.56200527704486,82.51451187335093,83.84696569920844,82.0712401055409,83.39841688654353,NONE,NONE
2024-03-15,8.3,0 days 08:20:00,08:20:00,1.1,5.4,1.2,0.7,0.0,13.0,12.0,16.0,2.0,15.359999656677246,46.0,79.0,74.0,92.0,79.0,76.0,70.0,72.0,74.0,60.0,67.0,76.0,69.0,POSITIVE_LONG_AND_RECOVERING,POSITIVE_STRESSFUL_DAY
2024-03-16,9.6,0 days 09:33:00,09:33:00,1.4,6.0,2.0,0.1,0.0,13.0,11.0,19.0,0.0,8.329999923706055,64.0,92.0,90.0,100.0,100.0,78.0,82.0,81.0,100.0,96.0,98.0,70.0,91.0,POSITIVE_HIGHLY_RECOVERING,POSITIVE_LATE_BED_TIME
2024-03-17,9.4,0 days 09:27:00,09:27:00,0.8,6.5,1.8,0.3,0.0,13.0,12.0,17.0,2.0,15.279999732971191,51.0,82.0,76.0,100.0,79.0,66.0,77.0,71.0,74.0,83.0,78.0,80.0,78.0,POSITIVE_LONG_AND_CALM,POSITIVE_STRESSFUL_DAY
2024-03-18,8.2,0 days 08:12:00,08:12:00,1.3,4.7,1.3,0.9,0.0,13.0,10.0,19.0,1.0,11.40999984741211,32.0,81.0,83.0,83.0,94.0,90.0,73.0,79.0,87.0,47.0,67.0,91.0,72.0,POSITIVE_LONG_AND_RECOVERING,POSITIVE_STRESSFUL_DAY
2024-03-19,7.7,0 days 07:40:00,07:40:00,1.9,4.3,1.4,0.1,0.0,14.0,10.0,16.0,0.0,14.449999809265137,36.0,91.0,89.0,99.0,82.0,100.0,76.0,94.0,100.0,100.0,100.0,89.0,98.0,POSITIVE_OPTIMAL_STRUCTURE,POSITIVE_STRESSFUL_DAY
2024-03-20,8.1,0 days 08:05:00,08:05:00,1.2,5.4,1.2,0.3,0.0,14.0,10.0,18.0,1.0,18.34000015258789,40.0,82.0,77.0,95.0,73.0,78.0,68.0,73.0,87.0,83.0,85.0,84.0,85.0,POSITIVE_LONG_AND_CONTINUOUS,POSITIVE_STRESSFUL_DAY
2024-03-21,8.1,0 days 08:06:00,08:06:00,1.8,4.0,1.0,1.3,0.0,14.0,12.0,20.0,2.0,21.239999771118164,29.0,69.0,70.0,75.0,68.0,100.0,67.0,89.0,74.0,24.0,49.0,93.0,57.0,NEGATIVE_DISCONTINUOUS,NEGATIVE_HIGHLY_STRESSFUL_DAY
2024-03-22,8.7,0 days 08:41:00,08:41:00,1.1,5.9,1.6,0.1,0.0,14.0,11.0,19.0,1.0,19.139999389648438,36.0,84.0,79.0,100.0,72.0,74.0,74.0,74.0,87.0,95.0,91.0,93.0,91.0,POSITIVE_LONG_AND_CALM,POSITIVE_STRESSFUL_DAY
2024-03-23,7.9,0 days 07:52:00,07:52:00,1.4,5.5,0.8,0.1,0.0,14.0,10.0,18.0,0.0,22.81999969482422,19.0,78.0,79.0,94.0,64.0,88.0,59.0,70.0,100.0,97.0,98.0,100.0,99.0,NEGATIVE_LONG_BUT_NOT_ENOUGH_REM,NEGATIVE_HIGHLY_STRESSFUL_DAY
2024-03-24,11.3,0 days 11:20:00,11:20:00,1.6,7.2,2.3,0.2,0.0,14.0,12.0,19.0,0.0,16.290000915527344,69.0,86.0,82.0,100.0,77.0,76.0,79.0,79.0,100.0,88.0,94.0,74.0,90.0,POSITIVE_LONG_AND_CONTINUOUS,POSITIVE_STRESSFUL_DAY
2024-03-25,9.1,0 days 09:08:00,09:08:00,0.8,6.7,1.3,0.3,0.0,14.0,11.0,20.0,2.0,14.430000305175781,56.0,81.0,76.0,100.0,82.0,67.0,68.0,66.0,74.0,84.0,79.0,74.0,77.0,POSITIVE_LONG_AND_RECOVERING,NONE
2024-03-26,7.8,0 days 07:49:00,07:49:00,1.6,4.1,1.7,0.4,0.0,14.0,11.0,16.0,1.0,17.860000610351562,39.0,87.0,84.0,100.0,74.0,100.0,95.0,95.0,87.0,74.0,80.0,82.0,81.0,POSITIVE_LONG_AND_DEEP,NONE
2024-03-27,8.6,0 days 08:34:00,08:34:00,1.9,4.5,2.1,0.1,0.0,13.0,10.0,20.0,0.0,15.149999618530273,36.0,94.0,93.0,100.0,80.0,100.0,100.0,99.0,100.0,100.0,100.0,93.0,99.0,POSITIVE_OPTIMAL_STRUCTURE,POSITIVE_STRESSFUL_DAY
2024-03-28,8.0,0 days 07:57:00,07:57:00,1.9,4.3,1.7,0.0,0.0,14.0,12.0,16.0,0.0,11.630000114440918,42.0,95.0,94.0,98.0,93.0,100.0,86.0,97.0,100.0,100.0,100.0,83.0,96.0,POSITIVE_OPTIMAL_STRUCTURE,POSITIVE_STRESSFUL_DAY
2024-03-29,8.4,0 days 08:22:00,08:22:00,1.5,5.0,1.6,0.2,0.0,13.0,10.0,17.0,1.0,11.270000457763672,37.0,93.0,90.0,100.0,95.0,91.0,78.0,84.0,87.0,93.0,90.0,90.0,90.0,POSITIVE_HIGHLY_RECOVERING,POSITIVE_STRESSFUL_DAY
2024-03-30,9.8,0 days 09:51:00,09:51:00,0.9,5.8,2.2,0.8,0.0,14.0,12.0,17.0,2.0,18.43000030517578,42.0,79.0,75.0,100.0,73.0,69.0,100.0,79.0,74.0,50.0,62.0,88.0,67.0,POSITIVE_LONG_AND_REFRESHING,POSITIVE_STRESSFUL_DAY
2024-03-31,9.1,0 days 09:04:00,09:04:00,1.5,5.4,2.0,0.2,0.0,13.0,11.0,16.0,1.0,21.09000015258789,47.0,84.0,81.0,100.0,68.0,85.0,87.0,86.0,87.0,93.0,90.0,82.0,88.0,POSITIVE_LONG_AND_CONTINUOUS,POSITIVE_LATE_BED_TIME
2024-04-01,9.3,0 days 09:19:00,09:19:00,1.1,5.3,2.4,0.5,0.0,14.0,10.0,19.0,2.0,8.020000457763672,55.0,87.0,86.0,100.0,100.0,72.0,100.0,86.0,74.0,72.0,73.0,74.0,73.0,POSITIVE_LONG_AND_RECOVERING,POSITIVE_RESTFUL_EVENING
2024-04-02,8.3,0 days 08:19:00,08:19:00,1.6,4.4,2.2,0.1,0.0,13.0,10.0,16.0,0.0,12.350000381469727,46.0,96.0,94.0,100.0,91.0,95.0,100.0,98.0,100.0,97.0,98.0,79.0,94.0,POSITIVE_OPTIMAL_STRUCTURE,POSITIVE_STRESSFUL_DAY
2024-04-03,6.6,0 days 06:36:00,06:36:00,1.2,4.2,0.6,0.7,0.0,14.0,12.0,19.0,1.0,27.829999923706055,27.0,66.0,69.0,71.0,53.0,100.0,52.0,72.0,87.0,60.0,73.0,91.0,77.0,NEGATIVE_NOT_ENOUGH_REM,NEGATIVE_HIGHLY_STRESSFUL_DAY
2024-04-04,8.2,0 days 08:10:00,08:10:00,1.8,4.5,1.9,0.0,0.0,13.0,12.0,16.0,0.0,10.609999656677246,35.0,99.0,98.0,100.0,98.0,100.0,98.0,97.0,100.0,100.0,100.0,92.0,98.0,POSITIVE_OPTIMAL_STRUCTURE,POSITIVE_LATE_BED_TIME
2024-04-05,9.2,0 days 09:15:00,09:15:00,1.5,5.6,1.8,0.4,0.0,14.0,11.0,19.0,1.0,12.010000228881836,55.0,89.0,85.0,100.0,92.0,84.0,78.0,81.0,87.0,77.0,82.0,74.0,81.0,POSITIVE_LONG_AND_RECOVERING,NONE
2024-04-06,9.4,0 days 09:23:00,09:23:00,1.4,5.0,1.9,1.0,0.0,14.0,12.0,21.0,2.0,17.510000228881836,36.0,80.0,76.0,100.0,75.0,87.0,92.0,87.0,74.0,38.0,56.0,92.0,63.0,NEGATIVE_LONG_BUT_DISCONTINUOUS,NEGATIVE_HIGHLY_STRESSFUL_DAY
2024-04-07,11.1,0 days 11:05:00,11:05:00,1.0,8.1,1.6,0.4,0.0,14.0,11.0,18.0,2.0,23.479999542236328,58.0,76.0,69.0,100.0,63.0,66.0,68.0,65.0,74.0,78.0,76.0,81.0,77.0,POSITIVE_LONG_AND_CALM,NONE
2024-04-08,9.0,0 days 08:57:00,08:57:00,1.2,5.6,1.9,0.3,0.0,14.0,11.0,20.0,2.0,15.430000305175781,57.0,85.0,79.0,100.0,79.0,75.0,87.0,80.0,74.0,85.0,79.0,71.0,77.0,POSITIVE_LONG_AND_REFRESHING,NONE
2024-04-09,9.0,0 days 08:58:00,08:58:00,0.8,6.6,1.2,0.3,0.0,14.0,11.0,20.0,1.0,11.130000114440918,51.0,85.0,82.0,100.0,95.0,67.0,67.0,65.0,87.0,85.0,86.0,77.0,84.0,POSITIVE_LONG_AND_RECOVERING,POSITIVE_EXERCISE
2024-04-10,9.1,0 days 09:06:00,09:06:00,1.0,4.8,1.2,2.0,0.0,13.0,10.0,19.0,2.0,13.970000267028809,57.0,69.0,68.0,99.0,84.0,77.0,73.0,75.0,74.0,0.0,37.0,60.0,44.0,NEGATIVE_LONG_BUT_DISCONTINUOUS,NEGATIVE_STRESSFUL_DAY
2024-04-11,8.7,0 days 08:41:00,08:41:00,1.1,5.4,1.9,0.4,0.0,14.0,12.0,16.0,2.0,17.079999923706055,61.0,83.0,77.0,100.0,76.0,74.0,89.0,79.0,74.0,77.0,75.0,65.0,73.0,POSITIVE_LONG_AND_REFRESHING,POSITIVE_LATE_BED_TIME
2024-04-12,9.2,0 days 09:15:00,09:15:00,1.2,5.7,2.0,0.2,0.0,14.0,10.0,18.0,2.0,13.15999984741211,39.0,88.0,84.0,100.0,87.0,75.0,91.0,81.0,74.0,87.0,80.0,93.0,82.0,POSITIVE_LONG_AND_CALM,POSITIVE_EXERCISE
2024-04-13,9.8,0 days 09:49:00,09:49:00,1.6,6.4,0.9,0.8,0.0,14.0,12.0,21.0,2.0,19.8799991607666,44.0,76.0,70.0,100.0,70.0,90.0,58.0,71.0,74.0,50.0,62.0,86.0,67.0,NEGATIVE_LONG_BUT_NOT_ENOUGH_REM,NEGATIVE_STRESSFUL_DAY
2024-04-14,8.4,0 days 08:22:00,08:22:00,1.3,4.5,1.3,1.2,0.0,14.0,11.0,17.0,2.0,10.390000343322754,31.0,78.0,80.0,91.0,98.0,91.0,74.0,81.0,74.0,27.0,50.0,92.0,58.0,NEGATIVE_LONG_BUT_DISCONTINUOUS,NONE
2024-04-15,8.8,0 days 08:48:00,08:48:00,1.7,4.0,2.9,0.2,0.0,14.0,12.0,18.0,2.0,11.010000228881836,48.0,90.0,88.0,100.0,96.0,100.0,75.0,100.0,74.0,87.0,80.0,79.0,79.0,POSITIVE_OPTIMAL_STRUCTURE,POSITIVE_STRESSFUL_DAY
2024-04-16,8.6,0 days 08:33:00,08:33:00,1.9,4.6,1.8,0.2,0.0,13.0,10.0,24.0,0.0,9.609999656677246,45.0,96.0,95.0,100.0,100.0,100.0,83.0,96.0,100.0,92.0,96.0,81.0,93.0,POSITIVE_HIGHLY_RECOVERING,POSITIVE_LATE_BED_TIME
2024-04-17,8.5,0 days 08:32:00,08:32:00,1.6,4.5,2.0,0.4,0.0,14.0,10.0,20.0,1.0,12.510000228881836,43.0,93.0,91.0,100.0,90.0,100.0,100.0,96.0,87.0,75.0,81.0,82.0,82.0,POSITIVE_OPTIMAL_STRUCTURE,POSITIVE_STRESSFUL_DAY
2024-04-18,7.0,0 days 06:59:00,06:59:00,1.9,4.0,1.0,0.1,0.0,14.0,12.0,16.0,0.0,17.579999923706055,24.0,79.0,86.0,76.0,75.0,100.0,68.0,92.0,100.0,100.0,100.0,100.0,100.0,POSITIVE_DEEP,NONE
2024-04-19,6.7,0 days 06:43:00,06:43:00,1.4,4.1,1.1,0.1,0.0,14.0,11.0,19.0,0.0,11.319999694824219,37.0,80.0,92.0,72.0,95.0,100.0,72.0,84.0,100.0,95.0,97.0,79.0,94.0,POSITIVE_DEEP,NONE
2024-04-20,10.2,0 days 10:12:00,10:12:00,1.6,6.1,2.2,0.4,0.0,14.0,12.0,20.0,2.0,17.34000015258789,55.0,84.0,79.0,100.0,75.0,80.0,89.0,84.0,74.0,77.0,75.0,79.0,76.0,POSITIVE_LONG_AND_REFRESHING,POSITIVE_STRESSFUL_DAY
2024-04-21,11.3,0 days 11:19:00,11:19:00,2.2,6.4,2.2,0.6,0.0,14.0,11.0,20.0,3.0,18.65999984741211,54.0,81.0,76.0,100.0,73.0,100.0,78.0,88.0,61.0,65.0,63.0,85.0,67.0,POSITIVE_LONG_AND_DEEP,NONE
2024-04-22,8.8,0 days 08:49:00,08:49:00,1.4,6.1,1.2,0.1,0.0,13.0,11.0,17.0,0.0,7.130000114440918,56.0,89.0,89.0,100.0,100.0,80.0,66.0,72.0,100.0,100.0,100.0,73.0,94.0,POSITIVE_LONG_AND_RECOVERING,NONE
2024-04-23,8.6,0 days 08:35:00,08:35:00,1.5,4.2,2.3,0.5,0.0,14.0,12.0,17.0,2.0,11.600000381469727,44.0,90.0,88.0,100.0,94.0,94.0,96.0,100.0,74.0,70.0,72.0,81.0,74.0,POSITIVE_OPTIMAL_STRUCTURE,NONE
2024-04-24,8.9,0 days 08:56:00,08:56:00,1.9,4.8,1.8,0.5,0.0,13.0,11.0,16.0,1.0,7.869999885559082,51.0,91.0,90.0,100.0,100.0,100.0,80.0,93.0,87.0,70.0,78.0,77.0,79.0,POSITIVE_HIGHLY_RECOVERING,POSITIVE_RESTFUL_EVENING
2024-04-25,9.0,0 days 09:01:00,09:01:00,1.7,5.0,2.1,0.2,0.0,13.0,11.0,16.0,1.0,11.34000015258789,53.0,95.0,93.0,100.0,95.0,95.0,100.0,93.0,87.0,89.0,88.0,77.0,86.0,POSITIVE_OPTIMAL_STRUCTURE,NONE
2024-04-26,6.8,0 days 06:46:00,06:46:00,1.8,3.5,1.1,0.3,0.0,13.0,10.0,18.0,1.0,20.56999969482422,26.0,74.0,81.0,70.0,69.0,100.0,73.0,98.0,87.0,80.0,83.0,95.0,86.0,POSITIVE_DEEP,POSITIVE_STRESSFUL_DAY
2024-04-27,8.6,0 days 08:35:00,08:35:00,1.4,4.9,2.1,0.2,0.0,14.0,12.0,16.0,1.0,13.0,38.0,92.0,89.0,100.0,88.0,80.0,100.0,90.0,87.0,92.0,89.0,91.0,89.0,POSITIVE_OPTIMAL_STRUCTURE,POSITIVE_STRESSFUL_DAY
2024-04-28,8.4,0 days 08:25:00,08:25:00,1.5,5.4,1.4,0.1,0.0,13.0,10.0,15.0,0.0,7.309999942779541,40.0,93.0,93.0,100.0,100.0,90.0,73.0,79.0,100.0,96.0,98.0,88.0,96.0,POSITIVE_HIGHLY_RECOVERING,POSITIVE_LATE_BED_TIME
2024-04-29,8.3,0 days 08:17:00,08:17:00,1.4,5.4,1.4,0.1,0.0,14.0,11.0,18.0,0.0,9.010000228881836,42.0,92.0,92.0,100.0,100.0,85.0,72.0,78.0,100.0,100.0,100.0,85.0,97.0,POSITIVE_HIGHLY_RECOVERING,POSITIVE_LATE_BED_TIME
2024-04-30,8.0,0 days 07:59:00,07:59:00,2.0,3.6,2.0,0.4,0.0,14.0,11.0,16.0,1.0,11.289999961853027,40.0,90.0,92.0,90.0,95.0,100.0,100.0,100.0,87.0,76.0,81.0,82.0,82.0,POSITIVE_OPTIMAL_STRUCTURE,POSITIVE_LATE_BED_TIME
2024-05-01,8.5,0 days 08:28:00,08:28:00,1.1,4.9,1.8,0.6,0.0,16.0,12.0,23.0,2.0,13.4399995803833,28.0,87.0,83.0,100.0,86.0,77.0,100.0,86.0,74.0,65.0,69.0,99.0,75.0,POSITIVE_LONG_AND_REFRESHING,NONE
2024-05-02,9.0,0 days 09:01:00,09:01:00,1.3,5.5,1.9,0.3,0.0,15.0,12.0,22.0,2.0,15.220000267028809,40.0,86.0,80.0,100.0,80.0,77.0,85.0,81.0,74.0,80.0,77.0,90.0,79.0,POSITIVE_LONG_AND_CALM,POSITIVE_LATE_BED_TIME
2024-05-03,8.1,0 days 08:06:00,08:06:00,1.4,4.2,2.1,0.5,0.0,17.0,12.0,23.0,1.0,22.09000015258789,49.0,81.0,80.0,91.0,66.0,88.0,100.0,97.0,87.0,73.0,80.0,73.0,79.0,POSITIVE_LONG_AND_REFRESHING,POSITIVE_STRESSFUL_DAY
2024-05-04,7.7,0 days 07:44:00,07:44:00,0.7,5.0,2.0,0.1,0.0,15.0,12.0,20.0,0.0,35.939998626708984,36.0,64.0,71.0,92.0,34.0,66.0,100.0,79.0,100.0,100.0,100.0,88.0,97.0,NEGATIVE_LONG_BUT_NOT_RESTORATIVE,NEGATIVE_HIGHLY_STRESSFUL_DAY
2024-05-05,8.8,0 days 08:48:00,08:48:00,1.2,5.5,2.0,0.1,0.0,17.0,12.0,21.0,0.0,14.399999618530273,48.0,90.0,87.0,100.0,82.0,76.0,92.0,82.0,100.0,100.0,100.0,81.0,96.0,POSITIVE_OPTIMAL_STRUCTURE,NONE
2024-05-06,10.3,0 days 10:17:00,10:17:00,2.1,5.0,2.7,0.5,0.0,17.0,12.0,24.0,2.0,7.599999904632568,42.0,92.0,92.0,100.0,100.0,100.0,100.0,100.0,74.0,68.0,71.0,93.0,75.0,POSITIVE_HIGHLY_RECOVERING,NONE
2024-05-07,8.7,0 days 08:41:00,08:41:00,1.6,4.5,2.5,0.1,0.0,16.0,11.0,23.0,1.0,5.269999980926514,31.0,97.0,96.0,100.0,100.0,95.0,96.0,100.0,87.0,99.0,93.0,99.0,93.0,POSITIVE_HIGHLY_RECOVERING,POSITIVE_EXERCISE
2024-05-08,9.0,0 days 08:59:00,08:59:00,1.6,5.0,2.0,0.3,0.0,16.0,12.0,22.0,1.0,10.9399995803833,53.0,93.0,91.0,100.0,96.0,91.0,98.0,91.0,87.0,80.0,83.0,75.0,82.0,POSITIVE_OPTIMAL_STRUCTURE,NONE
2024-05-09,7.1,0 days 07:06:00,07:06:00,1.3,4.3,1.0,0.5,0.0,17.0,12.0,23.0,2.0,20.670000076293945,33.0,74.0,76.0,73.0,69.0,99.0,68.0,78.0,74.0,73.0,73.0,85.0,76.0,POSITIVE_DEEP,POSITIVE_STRESSFUL_DAY
2024-05-10,8.1,0 days 08:07:00,08:07:00,1.6,4.0,2.5,0.0,0.0,17.0,12.0,22.0,0.0,21.6299991607666,38.0,86.0,85.0,100.0,67.0,100.0,84.0,100.0,100.0,100.0,100.0,88.0,97.0,POSITIVE_LONG_AND_DEEP,POSITIVE_STRESSFUL_DAY
2024-05-11,3.2,0 days 03:13:00,03:13:00,1.5,1.7,1.7,0.0,0.0,14.0,12.0,20.0,0.0,15.460000038146973,8.0,37.0,76.0,20.0,79.0,100.0,0.0,98.0,100.0,100.0,100.0,100.0,100.0,NEGATIVE_SHORT_AND_POOR_STRUCTURE,NEGATIVE_HIGHLY_STRESSFUL_DAY
2024-05-12,12.9,0 days 12:54:00,12:54:00,2.0,5.6,4.8,0.2,0.2,14.0,10.0,22.0,1.0,4.869999885559082,64.0,88.0,87.0,100.0,100.0,82.0,65.0,100.0,87.0,88.0,87.0,84.0,87.0,POSITIVE_LONG_AND_RECOVERING,NONE
2024-05-13,8.6,0 days 08:35:00,08:35:00,0.8,5.5,2.2,0.1,0.0,17.0,12.0,22.0,0.0,13.65999984741211,58.0,89.0,87.0,100.0,85.0,67.0,100.0,79.0,100.0,100.0,100.0,69.0,92.0,POSITIVE_LONG_AND_REFRESHING,NONE
2024-05-14,8.3,0 days 08:17:00,08:17:00,1.9,3.8,2.5,0.2,0.0,14.0,11.0,21.0,0.0,7.190000057220459,41.0,97.0,96.0,100.0,100.0,100.0,85.0,100.0,100.0,91.0,95.0,86.0,94.0,POSITIVE_HIGHLY_RECOVERING,POSITIVE_RESTFUL_EVENING
2024-05-15,9.1,0 days 09:04:00,09:04:00,1.6,5.5,1.9,0.1,0.0,13.0,10.0,15.0,0.0,10.3100004196167,41.0,95.0,94.0,100.0,99.0,88.0,79.0,84.0,100.0,100.0,100.0,89.0,98.0,POSITIVE_OPTIMAL_STRUCTURE,POSITIVE_EXERCISE
2024-05-16,8.3,0 days 08:16:00,08:16:00,0.9,5.8,1.4,0.1,0.0,14.0,12.0,18.0,0.0,14.890000343322754,44.0,85.0,82.0,100.0,80.0,70.0,73.0,71.0,100.0,95.0,97.0,82.0,94.0,POSITIVE_LONG_AND_CONTINUOUS,POSITIVE_STRESSFUL_DAY
2024-05-17,9.1,0 days 09:08:00,09:08:00,2.4,4.4,1.6,0.7,0.0,13.0,10.0,16.0,2.0,6.320000171661377,41.0,86.0,86.0,100.0,100.0,100.0,77.0,100.0,74.0,56.0,65.0,86.0,69.0,POSITIVE_LONG_AND_RECOVERING,NONE
2024-05-18,7.7,0 days 07:41:00,07:41:00,1.5,4.5,1.1,0.5,0.0,14.0,12.0,20.0,2.0,11.359999656677246,37.0,81.0,85.0,80.0,95.0,100.0,70.0,81.0,74.0,69.0,71.0,83.0,74.0,POSITIVE_LONG_AND_DEEP,POSITIVE_STRESSFUL_DAY
2024-05-19,9.8,0 days 09:46:00,09:46:00,0.8,6.7,0.6,1.7,0.0,14.0,11.0,18.0,5.0,40.70000076293945,24.0,41.0,31.0,100.0,22.0,67.0,41.0,43.0,0.0,0.0,0.0,100.0,17.0,NEGATIVE_LONG_BUT_NOT_RESTORATIVE,NEGATIVE_HIGHLY_STRESSFUL_DAY
2024-05-20,9.3,0 days 09:16:00,09:16:00,1.5,5.7,1.8,0.2,0.0,13.0,10.0,20.0,1.0,6.039999961853027,61.0,90.0,88.0,100.0,100.0,81.0,79.0,81.0,87.0,87.0,87.0,70.0,83.0,POSITIVE_HIGHLY_RECOVERING,NONE
2024-05-21,8.2,0 days 08:14:00,08:14:00,1.2,5.5,1.1,0.5,0.0,14.0,10.0,17.0,1.0,12.789999961853027,46.0,84.0,81.0,95.0,89.0,78.0,67.0,72.0,87.0,73.0,80.0,77.0,80.0,POSITIVE_LONG_AND_RECOVERING,NONE
2024-05-22,8.2,0 days 08:15:00,08:15:00,2.5,3.8,2.0,0.0,0.0,13.0,11.0,16.0,0.0,10.180000305175781,39.0,99.0,99.0,100.0,99.0,100.0,100.0,100.0,100.0,100.0,100.0,88.0,97.0,POSITIVE_OPTIMAL_STRUCTURE,POSITIVE_STRESSFUL_DAY
2024-05-23,8.6,0 days 08:35:00,08:35:00,1.3,5.1,1.8,0.4,0.0,13.0,10.0,18.0,2.0,13.710000038146973,50.0,86.0,81.0,100.0,85.0,79.0,86.0,83.0,74.0,78.0,76.0,75.0,76.0,POSITIVE_LONG_AND_REFRESHING,POSITIVE_LATE_BED_TIME
2024-05-24,8.3,0 days 08:16:00,08:16:00,0.7,6.1,0.5,1.0,0.0,14.0,12.0,18.0,3.0,21.75,44.0,62.0,57.0,81.0,66.0,67.0,35.0,35.0,61.0,39.0,50.0,75.0,55.0,NEGATIVE_LONG_BUT_POOR_QUALITY,NEGATIVE_STRESSFUL_DAY
2024-05-25,8.2,0 days 08:11:00,08:11:00,1.5,4.8,1.9,0.0,0.0,13.0,9.0,15.0,0.0,5.820000171661377,46.0,98.0,97.0,100.0,100.0,91.0,100.0,92.0,100.0,100.0,100.0,80.0,95.0,POSITIVE_HIGHLY_RECOVERING,NONE
2024-05-26,6.1,0 days 06:07:00,06:07:00,1.9,2.8,1.2,0.2,0.0,13.0,11.0,15.0,1.0,10.800000190734863,32.0,83.0,92.0,75.0,97.0,100.0,81.0,100.0,87.0,91.0,89.0,81.0,87.0,POSITIVE_DEEP,POSITIVE_LATE_BED_TIME
2024-05-27,9.1,0 days 09:08:00,09:08:00,2.5,3.8,2.2,0.7,0.0,13.0,10.0,16.0,3.0,12.210000038146973,51.0,84.0,85.0,100.0,91.0,100.0,100.0,100.0,61.0,59.0,60.0,76.0,63.0,POSITIVE_LONG_AND_DEEP,POSITIVE_LATE_BED_TIME
2024-05-28,7.6,0 days 07:38:00,07:38:00,1.9,3.6,2.0,0.1,0.0,13.0,10.0,16.0,0.0,8.029999732971191,40.0,99.0,98.0,100.0,100.0,100.0,100.0,100.0,100.0,97.0,98.0,82.0,95.0,POSITIVE_HIGHLY_RECOVERING,NONE
2024-05-29,8.5,0 days 08:29:00,08:29:00,1.2,5.2,1.9,0.2,0.0,14.0,12.0,16.0,1.0,12.899999618530273,35.0,91.0,87.0,100.0,88.0,76.0,92.0,81.0,87.0,91.0,89.0,93.0,90.0,POSITIVE_OPTIMAL_STRUCTURE,POSITIVE_STRESSFUL_DAY
2024-05-30,8.4,0 days 08:21:00,08:21:00,2.6,4.4,1.2,0.2,0.0,14.0,12.0,17.0,1.0,24.079999923706055,39.0,80.0,78.0,100.0,62.0,100.0,67.0,98.0,87.0,87.0,87.0,87.0,87.0,POSITIVE_LONG_AND_DEEP,POSITIVE_STRESSFUL_DAY
2024-05-31,9.0,0 days 09:00:00,09:00:00,1.4,5.2,2.2,0.2,0.0,13.0,10.0,20.0,1.0,9.359999656677246,46.0,94.0,93.0,100.0,100.0,79.0,100.0,89.0,87.0,93.0,90.0,83.0,88.0,POSITIVE_HIGHLY_RECOVERING,NONE
2024-06-01,10.1,0 days 10:04:00,10:04:00,1.5,6.2,2.0,0.3,0.0,14.0,12.0,18.0,2.0,13.460000038146973,55.0,86.0,81.0,100.0,86.0,78.0,79.0,80.0,74.0,80.0,77.0,79.0,77.0,POSITIVE_LONG_AND_RECOVERING,POSITIVE_STRESSFUL_DAY
2024-06-02,10.2,0 days 10:09:00,10:09:00,1.4,6.2,2.0,0.5,0.0,14.0,12.0,17.0,2.0,8.970000267028809,50.0,87.0,84.0,100.0,100.0,76.0,81.0,79.0,74.0,69.0,71.0,84.0,74.0,POSITIVE_LONG_AND_RECOVERING,NONE
2024-06-03,8.7,0 days 08:43:00,08:43:00,1.4,5.0,1.8,0.5,0.0,14.0,12.0,18.0,1.0,18.989999771118164,54.0,84.0,78.0,100.0,72.0,83.0,86.0,85.0,87.0,70.0,78.0,72.0,78.0,POSITIVE_LONG_AND_REFRESHING,POSITIVE_STRESSFUL_DAY
2024-06-04,7.6,0 days 07:39:00,07:39:00,1.3,4.7,1.3,0.1,0.3,13.0,10.0,16.0,0.0,8.199999809265137,43.0,92.0,92.0,99.0,100.0,88.0,73.0,79.0,100.0,100.0,100.0,78.0,95.0,POSITIVE_HIGHLY_RECOVERING,POSITIVE_LATE_BED_TIME
2024-06-05,6.8,0 days 06:49:00,06:49:00,1.1,4.2,1.3,0.2,0.0,14.0,13.0,18.0,1.0,11.050000190734863,27.0,85.0,93.0,78.0,96.0,86.0,100.0,96.0,87.0,88.0,87.0,94.0,89.0,POSITIVE_REFRESHING,NONE
2024-06-06,9.6,0 days 09:36:00,09:36:00,0.9,6.6,1.0,1.1,0.0,14.0,12.0,19.0,3.0,19.6200008392334,44.0,70.0,63.0,100.0,71.0,69.0,61.0,63.0,61.0,32.0,46.0,83.0,54.0,NEGATIVE_LONG_BUT_DISCONTINUOUS,NEGATIVE_HIGHLY_STRESSFUL_DAY
2024-06-07,8.8,0 days 08:47:00,08:47:00,1.4,5.5,1.8,0.1,0.0,14.0,10.0,17.0,0.0,11.489999771118164,44.0,92.0,90.0,100.0,94.0,81.0,79.0,82.0,100.0,100.0,100.0,85.0,97.0,POSITIVE_OPTIMAL_STRUCTURE,POSITIVE_EXERCISE
2024-06-08,9.6,0 days 09:37:00,09:37:00,2.9,4.3,2.5,0.0,0.0,13.0,11.0,16.0,0.0,12.029999732971191,52.0,97.0,96.0,100.0,92.0,100.0,100.0,100.0,100.0,100.0,100.0,81.0,96.0,POSITIVE_OPTIMAL_STRUCTURE,NONE
2024-06-09,10.8,0 days 10:50:00,10:50:00,1.2,7.4,1.7,0.5,0.0,13.0,11.0,16.0,2.0,13.40999984741211,68.0,82.0,76.0,100.0,86.0,72.0,71.0,71.0,74.0,68.0,71.0,71.0,71.0,POSITIVE_LONG_AND_RECOVERING,NONE
2024-06-10,8.5,0 days 08:31:00,08:31:00,2.3,4.0,2.1,0.2,0.0,12.0,10.0,16.0,0.0,9.270000457763672,59.0,98.0,97.0,100.0,100.0,100.0,100.0,100.0,100.0,93.0,96.0,67.0,90.0,POSITIVE_HIGHLY_RECOVERING,NONE
2024-06-11,6.8,0 days 06:47:00,06:47:00,0.9,4.2,1.0,0.7,0.0,13.0,11.0,17.0,3.0,15.850000381469727,38.0,73.0,72.0,77.0,78.0,79.0,70.0,74.0,61.0,59.0,60.0,74.0,63.0,POSITIVE_DEEP,POSITIVE_STRESSFUL_DAY
2024-06-12,7.2,0 days 07:12:00,07:12:00,2.1,3.0,1.9,0.1,0.0,13.0,11.0,16.0,0.0,21.469999313354492,34.0,80.0,87.0,78.0,67.0,100.0,100.0,100.0,100.0,95.0,97.0,87.0,95.0,POSITIVE_DEEP,POSITIVE_STRESSFUL_DAY
2024-06-13,7.1,0 days 07:04:00,07:04:00,0.9,5.0,0.9,0.2,0.0,14.0,12.0,17.0,1.0,12.720000267028809,35.0,78.0,82.0,76.0,89.0,75.0,64.0,68.0,87.0,91.0,89.0,84.0,88.0,POSITIVE_RECOVERING,POSITIVE_STRESSFUL_DAY
2024-06-14,8.8,0 days 08:47:00,08:47:00,1.4,4.8,2.3,0.3,0.0,13.0,9.0,21.0,2.0,9.859999656677246,32.0,92.0,91.0,100.0,100.0,85.0,100.0,94.0,74.0,81.0,77.0,97.0,80.0,POSITIVE_HIGHLY_RECOVERING,NONE
2024-06-15,7.6,0 days 07:33:00,07:33:00,1.2,4.3,2.0,0.0,0.0,14.0,11.0,16.0,0.0,8.3100004196167,29.0,91.0,96.0,88.0,100.0,79.0,100.0,92.0,100.0,100.0,100.0,97.0,99.0,POSITIVE_HIGHLY_RECOVERING,POSITIVE_EXERCISE
2024-06-16,11.1,0 days 11:07:00,11:07:00,1.0,7.3,2.2,0.6,0.0,13.0,11.0,16.0,3.0,14.319999694824219,61.0,80.0,75.0,100.0,83.0,67.0,82.0,73.0,61.0,66.0,63.0,78.0,66.0,POSITIVE_LONG_AND_RECOVERING,POSITIVE_EXERCISE
2024-06-17,7.8,0 days 07:50:00,07:50:00,2.2,3.4,2.2,0.1,0.0,13.0,10.0,16.0,0.0,8.59000015258789,37.0,97.0,98.0,95.0,100.0,100.0,94.0,100.0,100.0,100.0,100.0,87.0,97.0,POSITIVE_HIGHLY_RECOVERING,NONE
2024-06-18,6.7,0 days 06:44:00,06:44:00,1.0,4.3,0.9,0.5,0.0,14.0,12.0,19.0,1.0,21.780000686645508,29.0,73.0,74.0,72.0,66.0,82.0,68.0,74.0,87.0,73.0,80.0,89.0,82.0,POSITIVE_CALM,POSITIVE_STRESSFUL_DAY
2024-06-19,9.9,0 days 09:55:00,09:55:00,1.2,6.3,2.2,0.3,0.0,13.0,10.0,16.0,1.0,10.020000457763672,45.0,91.0,90.0,100.0,100.0,73.0,91.0,79.0,87.0,85.0,86.0,89.0,87.0,POSITIVE_HIGHLY_RECOVERING,POSITIVE_STRESSFUL_DAY
2024-06-20,6.7,0 days 06:42:00,06:42:00,1.4,4.2,0.9,0.1,0.0,13.0,10.0,15.0,0.0,11.850000381469727,32.0,79.0,91.0,72.0,93.0,100.0,65.0,80.0,100.0,97.0,98.0,88.0,96.0,POSITIVE_DEEP,POSITIVE_LATE_BED_TIME
2024-06-21,9.2,0 days 09:11:00,09:11:00,2.0,5.0,1.9,0.2,0.0,12.0,9.0,15.0,1.0,8.100000381469727,51.0,94.0,93.0,100.0,100.0,100.0,85.0,95.0,87.0,88.0,87.0,79.0,86.0,POSITIVE_HIGHLY_RECOVERING,NONE
2024-06-22,6.6,0 days 06:39:00,06:39:00,1.7,4.1,0.8,0.0,0.0,13.0,11.0,15.0,0.0,17.420000076293945,29.0,77.0,85.0,73.0,75.0,100.0,63.0,84.0,100.0,100.0,100.0,91.0,98.0,POSITIVE_DEEP,POSITIVE_STRESSFUL_DAY
2024-06-23,9.6,0 days 09:38:00,09:38:00,1.4,5.5,2.5,0.3,0.0,13.0,9.0,17.0,1.0,18.610000610351562,56.0,85.0,82.0,100.0,73.0,77.0,100.0,89.0,87.0,83.0,85.0,76.0,83.0,POSITIVE_LONG_AND_REFRESHING,POSITIVE_STRESSFUL_DAY
2024-06-24,7.2,0 days 07:15:00,07:15:00,1.0,4.2,1.5,0.6,0.0,13.0,11.0,17.0,2.0,21.739999771118164,36.0,78.0,74.0,89.0,67.0,77.0,91.0,83.0,74.0,66.0,70.0,81.0,72.0,POSITIVE_LONG_AND_REFRESHING,NONE
2024-06-25,6.8,0 days 06:47:00,06:47:00,1.6,3.8,1.3,0.0,0.0,14.0,12.0,16.0,0.0,12.5,36.0,82.0,92.0,75.0,90.0,100.0,77.0,94.0,100.0,100.0,100.0,83.0,96.0,POSITIVE_DEEP,NONE
2024-06-26,7.4,0 days 07:23:00,07:23:00,1.1,5.0,1.0,0.3,0.0,13.0,10.0,17.0,2.0,13.050000190734863,41.0,78.0,80.0,79.0,88.0,79.0,66.0,72.0,74.0,84.0,79.0,78.0,78.0,POSITIVE_RECOVERING,POSITIVE_EXERCISE
2024-06-27,7.0,0 days 07:03:00,07:03:00,1.8,3.8,1.4,0.1,0.0,13.0,11.0,16.0,0.0,26.010000228881836,38.0,75.0,81.0,77.0,58.0,100.0,80.0,99.0,100.0,100.0,100.0,81.0,96.0,NEGATIVE_NOT_RESTORATIVE,NEGATIVE_HIGHLY_STRESSFUL_DAY
2024-06-28,9.1,0 days 09:04:00,09:04:00,1.7,5.0,2.2,0.1,0.0,13.0,9.0,18.0,0.0,7.730000019073486,60.0,97.0,96.0,100.0,100.0,96.0,100.0,94.0,100.0,96.0,98.0,70.0,91.0,POSITIVE_HIGHLY_RECOVERING,POSITIVE_RESTFUL_EVENING
2024-06-29,9.5,0 days 09:28:00,09:28:00,1.9,5.1,2.4,0.1,0.0,14.0,11.0,18.0,0.0,12.220000267028809,42.0,97.0,96.0,100.0,91.0,100.0,100.0,98.0,100.0,96.0,98.0,91.0,97.0,POSITIVE_OPTIMAL_STRUCTURE,POSITIVE_STRESSFUL_DAY
2024-06-30,10.2,0 days 10:11:00,10:11:00,1.8,5.8,2.3,0.3,0.0,13.0,10.0,19.0,1.0,13.729999542236328,60.0,91.0,88.0,100.0,85.0,91.0,97.0,90.0,87.0,84.0,85.0,76.0,84.0,POSITIVE_OPTIMAL_STRUCTURE,NONE
2024-07-01,7.8,0 days 07:45:00,07:45:00,2.0,4.1,1.3,0.3,0.0,14.0,12.0,20.0,1.0,24.56999969482422,49.0,78.0,77.0,94.0,61.0,100.0,73.0,96.0,87.0,81.0,84.0,72.0,82.0,POSITIVE_LONG_AND_DEEP,POSITIVE_STRESSFUL_DAY
2024-07-02,6.9,0 days 06:55:00,06:55:00,2.1,3.3,1.5,0.0,0.0,13.0,11.0,18.0,0.0,13.90999984741211,41.0,87.0,90.0,84.0,84.0,100.0,83.0,100.0,100.0,100.0,100.0,76.0,94.0,POSITIVE_LONG_AND_DEEP,POSITIVE_EXERCISE
2024-07-03,7.7,0 days 07:43:00,07:43:00,2.2,3.2,1.8,0.4,0.0,13.0,10.0,16.0,2.0,16.1299991607666,27.0,83.0,85.0,82.0,78.0,100.0,100.0,100.0,74.0,74.0,74.0,98.0,78.0,POSITIVE_LONG_AND_DEEP,POSITIVE_STRESSFUL_DAY
2024-07-04,10.2,0 days 10:09:50,10:09:50,1.7,6.1,2.2,0.1,0.0,13.0,11.0,16.0,1.0,17.25,51.0,88.0,84.0,100.0,76.0,87.0,88.0,86.0,87.0,95.0,91.0,84.0,89.0,POSITIVE_LONG_AND_CONTINUOUS,POSITIVE_STRESSFUL_DAY
2024-07-05,8.2,0 days 08:13:00,08:13:00,1.7,5.0,1.5,0.1,0.0,13.0,12.0,16.0,0.0,10.550000190734863,38.0,94.0,94.0,100.0,98.0,100.0,74.0,85.0,100.0,100.0,100.0,88.0,97.0,POSITIVE_OPTIMAL_STRUCTURE,POSITIVE_STRESSFUL_DAY
2024-07-06,8.6,0 days 08:37:00,08:37:00,1.5,5.3,1.7,0.1,0.0,13.0,11.0,20.0,1.0,18.59000015258789,55.0,85.0,81.0,100.0,73.0,89.0,77.0,83.0,87.0,95.0,91.0,72.0,86.0,POSITIVE_LONG_AND_CONTINUOUS,POSITIVE_LATE_BED_TIME
2024-07-07,9.9,0 days 09:54:00,09:54:00,1.2,5.9,2.5,0.3,0.0,13.0,10.0,21.0,1.0,6.420000076293945,59.0,91.0,90.0,100.0,100.0,72.0,100.0,84.0,87.0,84.0,85.0,75.0,83.0,POSITIVE_HIGHLY_RECOVERING,NONE
2024-07-08,8.4,0 days 08:22:00,08:22:00,1.9,4.2,2.2,0.1,0.0,13.0,10.0,17.0,0.0,9.34000015258789,44.0,99.0,98.0,100.0,100.0,100.0,100.0,100.0,100.0,97.0,98.0,82.0,95.0,POSITIVE_HIGHLY_RECOVERING,NONE
2024-07-09,6.8,0 days 06:51:00,06:51:00,2.6,2.5,1.7,0.1,0.0,13.0,10.0,18.0,0.0,8.520000457763672,27.0,92.0,100.0,85.0,100.0,100.0,100.0,90.0,100.0,100.0,100.0,95.0,99.0,POSITIVE_HIGHLY_RECOVERING,NONE
2024-07-10,6.7,0 days 06:42:00,06:42:00,1.4,3.9,1.2,0.1,0.0,13.0,11.0,20.0,0.0,21.459999084472656,36.0,76.0,83.0,72.0,67.0,100.0,76.0,87.0,100.0,96.0,98.0,80.0,94.0,POSITIVE_DEEP,POSITIVE_STRESSFUL_DAY
2024-07-11,4.9,0 days 04:53:00,04:53:00,2.0,2.1,0.7,0.1,0.0,13.0,11.0,16.0,0.0,17.3799991607666,16.0,61.0,86.0,47.0,75.0,100.0,67.0,100.0,100.0,100.0,100.0,100.0,100.0,POSITIVE_SHORT_BUT_DEEP,POSITIVE_STRESSFUL_DAY
2024-07-12,8.8,0 days 08:50:00,08:50:00,1.2,5.9,1.5,0.2,0.0,13.0,10.0,17.0,1.0,9.149999618530273,71.0,88.0,85.0,100.0,100.0,76.0,73.0,74.0,87.0,89.0,88.0,57.0,81.0,NEGATIVE_LONG_BUT_RESTLESS,NONE
2024-07-13,8.2,0 days 08:09:00,08:09:00,2.0,5.0,0.7,0.5,0.0,14.0,12.0,18.0,2.0,48.08000183105469,24.0,49.0,52.0,92.0,5.0,100.0,46.0,78.0,74.0,71.0,72.0,100.0,77.0,NEGATIVE_LONG_BUT_NOT_RESTORATIVE,NEGATIVE_HIGHLY_STRESSFUL_DAY
2024-07-14,12.0,0 days 11:57:00,11:57:00,1.6,6.7,2.6,0.9,0.0,14.0,9.0,21.0,2.0,7.409999847412109,68.0,83.0,84.0,100.0,100.0,78.0,99.0,85.0,74.0,43.0,58.0,75.0,62.0,NEGATIVE_LONG_BUT_DISCONTINUOUS,NONE
2024-07-15,8.5,0 days 08:31:00,08:31:00,1.6,5.5,1.2,0.2,0.0,13.0,10.0,18.0,0.0,12.800000190734863,48.0,89.0,87.0,100.0,89.0,94.0,68.0,77.0,100.0,89.0,94.0,78.0,91.0,POSITIVE_LONG_AND_CONTINUOUS,POSITIVE_EXERCISE
2024-07-16,6.0,0 days 05:57:00,05:57:00,1.9,2.7,1.3,0.1,0.0,13.0,11.0,20.0,0.0,8.819999694824219,31.0,81.0,97.0,70.0,100.0,100.0,89.0,100.0,100.0,100.0,100.0,82.0,96.0,POSITIVE_RECOVERING,NONE
2024-07-17,7.1,0 days 07:04:00,07:04:00,1.5,4.1,1.2,0.2,0.0,13.0,11.0,19.0,1.0,8.210000038146973,36.0,82.0,91.0,75.0,100.0,100.0,73.0,87.0,87.0,87.0,87.0,82.0,86.0,POSITIVE_RECOVERING,POSITIVE_RESTFUL_EVENING
2024-07-18,8.5,0 days 08:29:57,08:29:57,1.4,6.0,0.5,0.5,0.0,14.0,9.0,18.0,3.0,61.810001373291016,32.0,46.0,44.0,100.0,0.0,90.0,35.0,66.0,61.0,70.0,65.0,95.0,70.0,NEGATIVE_LONG_BUT_NOT_RESTORATIVE,NEGATIVE_HIGHLY_STRESSFUL_DAY
2024-07-19,9.5,0 days 09:28:00,09:28:00,2.2,5.3,1.8,0.1,0.0,13.0,10.0,17.0,0.0,6.699999809265137,59.0,94.0,94.0,100.0,100.0,100.0,77.0,92.0,100.0,95.0,97.0,73.0,92.0,POSITIVE_HIGHLY_RECOVERING,NONE
2024-07-20,6.5,0 days 06:32:00,06:32:00,1.1,4.5,0.8,0.1,0.0,14.0,9.0,17.0,0.0,35.790000915527344,32.0,60.0,69.0,71.0,34.0,89.0,62.0,72.0,100.0,100.0,100.0,85.0,97.0,NEGATIVE_NOT_RESTORATIVE,NEGATIVE_HIGHLY_STRESSFUL_DAY
2024-07-21,9.0,0 days 08:58:00,08:58:00,1.1,5.3,2.6,0.0,0.0,12.0,9.0,16.0,0.0,6.239999771118164,40.0,93.0,93.0,100.0,100.0,72.0,92.0,89.0,100.0,100.0,100.0,90.0,98.0,POSITIVE_HIGHLY_RECOVERING,POSITIVE_STRESSFUL_DAY
2024-07-22,9.1,0 days 09:06:00,09:06:00,1.6,5.0,2.3,0.2,0.0,13.0,11.0,17.0,1.0,8.260000228881836,68.0,94.0,93.0,100.0,100.0,90.0,100.0,95.0,87.0,93.0,90.0,64.0,84.0,POSITIVE_HIGHLY_RECOVERING,POSITIVE_STRESSFUL_DAY
2024-07-23,7.0,0 days 06:59:00,06:59:00,2.4,2.8,1.5,0.3,0.0,13.0,11.0,16.0,1.0,10.199999809265137,33.0,83.0,93.0,74.0,99.0,100.0,86.0,99.0,87.0,84.0,85.0,86.0,86.0,POSITIVE_DEEP,NONE
2024-07-24,7.1,0 days 07:06:00,07:06:00,2.0,3.3,1.8,0.0,0.0,13.0,10.0,15.0,0.0,9.430000305175781,37.0,88.0,99.0,79.0,100.0,100.0,100.0,100.0,100.0,100.0,100.0,84.0,96.0,POSITIVE_RECOVERING,POSITIVE_EXERCISE
2024-07-25,7.1,0 days 07:06:00,07:06:00,1.0,4.5,1.1,0.5,0.0,13.0,10.0,16.0,1.0,10.720000267028809,39.0,77.0,83.0,72.0,97.0,79.0,71.0,75.0,87.0,68.0,77.0,76.0,78.0,POSITIVE_RECOVERING,POSITIVE_STRESSFUL_DAY
2024-07-26,7.9,0 days 07:56:00,07:56:00,2.1,4.7,0.8,0.3,0.0,13.0,9.0,21.0,1.0,19.959999084472656,40.0,79.0,78.0,91.0,70.0,100.0,60.0,85.0,87.0,83.0,85.0,83.0,85.0,POSITIVE_LONG_AND_DEEP,POSITIVE_STRESSFUL_DAY
2024-07-27,9.2,0 days 09:15:00,09:15:00,1.9,5.0,2.1,0.2,0.0,13.0,11.0,16.0,1.0,17.600000381469727,49.0,89.0,87.0,100.0,75.0,100.0,99.0,95.0,87.0,89.0,88.0,81.0,86.0,POSITIVE_LONG_AND_DEEP,NONE
2024-07-28,11.1,0 days 11:03:38,11:03:38,2.2,5.4,3.2,0.3,0.0,14.0,11.0,17.0,1.0,9.760000228881836,59.0,95.0,93.0,100.0,100.0,100.0,90.0,100.0,87.0,84.0,85.0,80.0,85.0,POSITIVE_HIGHLY_RECOVERING,NONE
2024-07-29,9.8,0 days 09:51:00,09:51:00,0.9,6.3,2.3,0.3,0.0,13.0,10.0,16.0,1.0,12.0,53.0,89.0,87.0,100.0,92.0,67.0,100.0,77.0,87.0,85.0,86.0,80.0,85.0,POSITIVE_LONG_AND_REFRESHING,NONE
2024-07-30,7.5,0 days 07:29:00,07:29:00,1.1,4.9,0.9,0.6,0.0,14.0,10.0,17.0,2.0,7.210000038146973,40.0,78.0,82.0,80.0,100.0,83.0,63.0,71.0,74.0,66.0,70.0,78.0,72.0,POSITIVE_LONG_AND_RECOVERING,POSITIVE_EXERCISE
2024-07-31,6.6,0 days 06:37:00,06:37:00,1.7,3.6,1.1,0.2,0.0,13.0,11.0,18.0,1.0,7.989999771118164,39.0,79.0,91.0,70.0,100.0,100.0,73.0,94.0,87.0,89.0,88.0,77.0,86.0,POSITIVE_RECOVERING,NONE
2024-08-01,7.3,0 days 07:16:00,07:16:00,1.2,4.9,1.0,0.2,0.0,14.0,12.0,18.0,1.0,18.360000610351562,31.0,77.0,79.0,78.0,73.0,83.0,66.0,73.0,87.0,88.0,87.0,91.0,88.0,POSITIVE_CALM,POSITIVE_STRESSFUL_DAY
2024-08-02,8.4,0 days 08:23:00,08:23:00,1.6,5.1,1.6,0.1,0.0,13.0,9.0,15.0,0.0,11.390000343322754,42.0,94.0,92.0,100.0,94.0,96.0,76.0,84.0,100.0,100.0,100.0,85.0,97.0,POSITIVE_OPTIMAL_STRUCTURE,POSITIVE_LATE_BED_TIME
2024-08-03,9.2,0 days 09:09:00,09:09:00,1.1,5.5,2.4,0.2,0.0,13.0,12.0,18.0,0.0,16.56999969482422,53.0,88.0,85.0,100.0,77.0,73.0,100.0,85.0,100.0,92.0,96.0,78.0,92.0,POSITIVE_LONG_AND_REFRESHING,POSITIVE_STRESSFUL_DAY
2024-08-04,8.4,0 days 08:25:00,08:25:00,2.1,4.6,1.6,0.1,0.0,13.0,9.0,17.0,0.0,18.239999771118164,53.0,88.0,85.0,100.0,74.0,100.0,77.0,96.0,100.0,97.0,98.0,73.0,93.0,POSITIVE_LONG_AND_DEEP,POSITIVE_STRESSFUL_DAY
2024-08-05,8.9,0 days 08:54:00,08:54:00,3.0,3.9,1.8,0.2,0.0,13.0,10.0,18.0,1.0,8.300000190734863,46.0,93.0,92.0,100.0,100.0,100.0,79.0,100.0,87.0,88.0,87.0,82.0,86.0,POSITIVE_HIGHLY_RECOVERING,NONE
2024-08-06,8.3,0 days 08:19:00,08:19:00,1.2,5.5,1.3,0.3,0.0,13.0,11.0,16.0,1.0,11.890000343322754,42.0,87.0,83.0,99.0,92.0,78.0,70.0,73.0,87.0,79.0,83.0,82.0,83.0,POSITIVE_LONG_AND_RECOVERING,NONE
2024-08-07,8.0,0 days 08:03:00,08:03:00,1.0,5.4,1.6,0.1,0.0,13.0,11.0,15.0,0.0,13.729999542236328,42.0,88.0,85.0,100.0,85.0,72.0,78.0,75.0,100.0,100.0,100.0,84.0,96.0,POSITIVE_LONG_AND_CONTINUOUS,POSITIVE_STRESSFUL_DAY
2024-08-08,8.6,0 days 08:33:00,08:33:00,1.0,5.5,1.5,0.6,0.0,13.0,9.0,17.0,2.0,23.639999389648438,58.0,76.0,69.0,100.0,63.0,72.0,76.0,74.0,74.0,64.0,69.0,66.0,69.0,POSITIVE_LONG_AND_REFRESHING,POSITIVE_EXERCISE
2024-08-09,8.8,0 days 08:51:00,08:51:00,1.0,5.5,2.1,0.3,0.0,13.0,10.0,16.0,1.0,10.760000228881836,53.0,90.0,89.0,100.0,97.0,71.0,100.0,80.0,87.0,85.0,86.0,76.0,84.0,POSITIVE_OPTIMAL_STRUCTURE,POSITIVE_EXERCISE
2024-08-10,11.8,0 days 11:50:00,11:50:00,2.2,5.4,2.3,1.9,0.0,13.0,11.0,16.0,2.0,19.40999984741211,49.0,72.0,72.0,100.0,71.0,100.0,95.0,97.0,74.0,0.0,37.0,86.0,48.0,NEGATIVE_LONG_BUT_DISCONTINUOUS,NEGATIVE_HIGHLY_STRESSFUL_DAY
2024-08-11,10.4,0 days 10:24:00,10:24:00,2.3,5.3,2.8,0.1,0.0,13.0,9.0,17.0,0.0,6.650000095367432,52.0,99.0,99.0,100.0,100.0,100.0,100.0,100.0,100.0,100.0,100.0,85.0,97.0,POSITIVE_HIGHLY_RECOVERING,NONE
2024-08-12,8.6,0 days 08:37:00,08:37:00,1.9,3.6,2.4,0.7,0.0,13.0,11.0,18.0,1.0,9.260000228881836,42.0,89.0,89.0,97.0,100.0,100.0,85.0,100.0,87.0,56.0,71.0,83.0,74.0,POSITIVE_LONG_AND_RECOVERING,NONE
2024-08-13,6.1,0 days 06:08:00,06:08:00,1.6,2.7,1.8,0.0,0.0,13.0,11.0,15.0,0.0,10.100000381469727,18.0,79.0,98.0,66.0,100.0,100.0,90.0,100.0,100.0,100.0,100.0,100.0,100.0,POSITIVE_RECOVERING,NONE
2024-08-14,7.9,0 days 07:53:00,07:53:00,2.2,4.1,1.4,0.1,0.0,13.0,10.0,16.0,0.0,14.180000305175781,28.0,89.0,90.0,93.0,83.0,100.0,75.0,99.0,100.0,95.0,97.0,99.0,98.0,POSITIVE_LONG_AND_DEEP,POSITIVE_EXERCISE
2024-08-15,7.4,0 days 07:22:00,07:22:00,1.7,3.1,2.3,0.2,0.0,13.0,9.0,16.0,2.0,5.900000095367432,33.0,84.0,90.0,79.0,100.0,100.0,78.0,100.0,74.0,87.0,80.0,89.0,81.0,POSITIVE_RECOVERING,POSITIVE_EXERCISE
2024-08-16,8.0,0 days 07:57:00,07:57:00,1.4,4.2,1.9,0.5,0.0,12.0,8.0,15.0,3.0,7.599999904632568,27.0,85.0,89.0,86.0,100.0,95.0,100.0,95.0,61.0,69.0,65.0,99.0,70.0,POSITIVE_LONG_AND_RECOVERING,NONE
2024-08-17,6.9,0 days 06:52:00,06:52:00,2.0,3.4,1.4,0.1,0.0,13.0,10.0,16.0,1.0,14.739999771118164,32.0,80.0,87.0,74.0,81.0,100.0,78.0,100.0,87.0,96.0,91.0,87.0,90.0,POSITIVE_DEEP,POSITIVE_STRESSFUL_DAY
2024-08-18,10.7,0 days 10:43:00,10:43:00,1.8,6.3,2.6,0.0,0.0,13.0,10.0,15.0,0.0,13.880000114440918,54.0,93.0,90.0,100.0,84.0,82.0,100.0,88.0,100.0,100.0,100.0,84.0,96.0,POSITIVE_OPTIMAL_STRUCTURE,POSITIVE_STRESSFUL_DAY
2024-08-19,8.9,0 days 08:52:00,08:52:00,1.0,6.0,1.7,0.2,0.0,14.0,12.0,16.0,0.0,15.600000381469727,56.0,86.0,81.0,100.0,79.0,71.0,77.0,74.0,100.0,92.0,96.0,72.0,91.0,POSITIVE_LONG_AND_CONTINUOUS,NONE
2024-08-20,7.4,0 days 07:27:00,07:27:00,1.9,3.5,1.5,0.5,0.0,13.0,10.0,18.0,1.0,7.079999923706055,36.0,83.0,91.0,77.0,100.0,100.0,85.0,100.0,87.0,70.0,78.0,85.0,80.0,POSITIVE_RECOVERING,NONE
2024-08-21,8.0,0 days 07:59:00,07:59:00,2.0,3.8,1.0,1.1,0.0,13.0,9.0,20.0,3.0,6.619999885559082,39.0,71.0,79.0,75.0,100.0,100.0,68.0,94.0,61.0,31.0,46.0,78.0,53.0,NEGATIVE_DISCONTINUOUS,NEGATIVE_STRESSFUL_DAY
2024-08-22,9.0,0 days 08:57:00,08:57:00,1.2,6.0,1.7,0.1,0.0,13.0,9.0,16.0,0.0,6.079999923706055,51.0,91.0,90.0,100.0,100.0,74.0,77.0,76.0,100.0,99.0,99.0,78.0,95.0,POSITIVE_HIGHLY_RECOVERING,POSITIVE_RESTFUL_EVENING
2024-08-23,8.6,0 days 08:36:00,08:36:00,1.7,4.6,1.8,0.5,0.0,13.0,9.0,15.0,1.0,7.360000133514404,40.0,93.0,92.0,100.0,100.0,100.0,90.0,94.0,87.0,72.0,79.0,86.0,81.0,POSITIVE_HIGHLY_RECOVERING,POSITIVE_STRESSFUL_DAY
2024-08-24,9.0,0 days 09:02:00,09:02:00,0.8,6.4,1.6,0.3,0.0,13.0,10.0,23.0,1.0,10.84000015258789,56.0,86.0,83.0,100.0,97.0,66.0,74.0,69.0,87.0,84.0,85.0,73.0,83.0,POSITIVE_LONG_AND_RECOVERING,NONE
2024-08-25,10.6,0 days 10:39:00,10:39:00,1.9,5.7,2.2,0.8,0.0,13.0,9.0,16.0,4.0,10.359999656677246,50.0,75.0,81.0,100.0,99.0,98.0,92.0,92.0,32.0,54.0,43.0,84.0,48.0,NEGATIVE_LONG_BUT_DISCONTINUOUS,NEGATIVE_STRENUOUS_EXERCISE
2024-08-26,7.6,0 days 07:39:00,07:39:00,1.7,3.9,1.8,0.2,0.0,13.0,11.0,17.0,1.0,18.860000610351562,55.0,83.0,85.0,85.0,72.0,100.0,100.0,100.0,87.0,88.0,87.0,66.0,83.0,POSITIVE_LONG_AND_DEEP,POSITIVE_STRESSFUL_DAY
2024-08-27,6.4,0 days 06:27:00,06:27:00,1.7,3.6,1.1,0.0,0.0,14.0,11.0,16.0,0.0,8.010000228881836,41.0,79.0,93.0,70.0,100.0,100.0,72.0,93.0,100.0,100.0,100.0,73.0,94.0,POSITIVE_RECOVERING,POSITIVE_LATE_BED_TIME
2024-08-28,6.8,0 days 06:50:00,06:50:00,1.6,3.5,1.6,0.1,0.0,13.0,10.0,15.0,0.0,11.420000076293945,30.0,84.0,97.0,74.0,94.0,100.0,100.0,100.0,100.0,99.0,99.0,90.0,98.0,POSITIVE_DEEP,NONE
2024-08-29,9.0,0 days 09:00:00,09:00:00,1.1,5.7,2.2,0.1,0.0,13.0,10.0,16.0,0.0,7.760000228881836,55.0,94.0,94.0,100.0,100.0,73.0,100.0,81.0,100.0,100.0,100.0,75.0,94.0,POSITIVE_HIGHLY_RECOVERING,NONE
2024-08-30,8.8,0 days 08:49:00,08:49:00,1.3,5.4,1.2,0.9,0.0,13.0,9.0,15.0,4.0,12.329999923706055,41.0,70.0,70.0,97.0,91.0,81.0,68.0,74.0,32.0,44.0,38.0,83.0,45.0,NEGATIVE_LONG_BUT_DISCONTINUOUS,NEGATIVE_STRESSFUL_DAY
2024-08-31,8.7,0 days 08:43:00,08:43:00,1.2,5.5,1.0,1.1,0.0,14.0,10.0,18.0,2.0,11.819999694824219,36.0,77.0,75.0,92.0,93.0,78.0,64.0,70.0,74.0,37.0,55.0,88.0,62.0,NEGATIVE_LONG_BUT_DISCONTINUOUS,NEGATIVE_STRESSFUL_DAY
2024-09-01,9.9,0 days 09:54:00,09:54:00,1.6,5.6,2.2,0.6,0.0,13.0,10.0,16.0,2.0,11.949999809265137,56.0,88.0,85.0,100.0,92.0,85.0,96.0,88.0,74.0,67.0,70.0,76.0,72.0,POSITIVE_LONG_AND_REFRESHING,POSITIVE_STRESSFUL_DAY
2024-09-02,8.9,0 days 08:55:00,08:55:00,1.5,6.2,0.9,0.3,0.0,13.0,11.0,19.0,2.0,22.8799991607666,45.0,77.0,72.0,100.0,64.0,89.0,57.0,70.0,74.0,84.0,79.0,84.0,79.0,NEGATIVE_LONG_BUT_NOT_ENOUGH_REM,NEGATIVE_HIGHLY_STRESSFUL_DAY
2024-09-03,9.2,0 days 09:11:00,09:11:00,1.5,5.9,1.6,0.2,0.0,13.0,11.0,18.0,1.0,19.920000076293945,43.0,84.0,79.0,100.0,70.0,84.0,73.0,78.0,87.0,92.0,89.0,87.0,89.0,POSITIVE_LONG_AND_CONTINUOUS,NONE
2024-09-04,6.5,0 days 06:31:00,06:31:00,1.7,3.8,1.1,0.0,0.0,13.0,11.0,16.0,0.0,14.579999923706055,29.0,78.0,88.0,71.0,82.0,100.0,70.0,91.0,100.0,100.0,100.0,90.0,98.0,POSITIVE_DEEP,POSITIVE_EXERCISE
2024-09-05,9.7,0 days 09:42:00,09:42:00,1.2,6.7,1.9,0.0,0.0,13.0,10.0,22.0,0.0,9.220000267028809,57.0,91.0,90.0,100.0,100.0,73.0,76.0,74.0,100.0,100.0,100.0,77.0,95.0,POSITIVE_HIGHLY_RECOVERING,NONE
2024-09-06,8.5,0 days 08:28:00,08:28:00,2.0,4.3,1.7,0.5,0.0,13.0,9.0,16.0,3.0,11.050000190734863,49.0,86.0,85.0,100.0,96.0,100.0,80.0,98.0,61.0,73.0,67.0,75.0,68.0,POSITIVE_LONG_AND_DEEP,NONE
2024-09-07,9.4,0 days 09:24:00,09:24:00,2.2,4.7,2.3,0.2,0.0,13.0,9.0,16.0,0.0,16.3799991607666,49.0,92.0,90.0,100.0,77.0,100.0,100.0,100.0,100.0,93.0,96.0,83.0,94.0,POSITIVE_OPTIMAL_STRUCTURE,POSITIVE_LATE_BED_TIME
2024-09-08,8.567631578947369,0 days 08:34:03,08:34:03,1.5,5.0,1.7,0.3,0.0,13.436507936507937,10.61111111111111,17.685185185185187,1.0736842105263158,14.716210509601392,44.48684210526316,84.02110817941953,83.8047493403694,93.4802110817942,83.36411609498681,88.04485488126649,80.84696569920844,85.25857519788919,85.56200527704486,82.51451187335093,83.84696569920844,82.0712401055409,83.39841688654353,NONE,NONE
2024-09-09,9.4,0 days 09:26:00,09:26:00,1.9,5.7,1.6,0.2,0.0,14.0,10.0,24.0,1.0,7.610000133514404,60.0,92.0,90.0,100.0,100.0,100.0,74.0,84.0,87.0,89.0,88.0,72.0,84.0,POSITIVE_HIGHLY_RECOVERING,NONE
2024-09-10,7.8,0 days 07:45:00,07:45:00,2.1,4.0,1.4,0.2,0.0,13.0,10.0,19.0,1.0,15.5,36.0,85.0,85.0,88.0,79.0,100.0,76.0,99.0,87.0,88.0,87.0,87.0,87.0,POSITIVE_LONG_AND_DEEP,POSITIVE_STRESSFUL_DAY
2024-09-11,6.8,0 days 06:50:00,06:50:00,2.1,3.5,1.2,0.0,0.0,13.0,11.0,15.0,0.0,8.039999961853027,39.0,83.0,94.0,75.0,100.0,100.0,74.0,100.0,100.0,100.0,100.0,78.0,95.0,POSITIVE_RECOVERING,POSITIVE_EXERCISE
2024-09-12,8.9,0 days 08:56:00,08:56:00,1.7,5.4,1.8,0.1,0.0,13.0,9.0,16.0,0.0,12.880000114440918,43.0,93.0,91.0,100.0,88.0,96.0,78.0,86.0,100.0,100.0,100.0,86.0,97.0,POSITIVE_OPTIMAL_STRUCTURE,POSITIVE_STRESSFUL_DAY
2024-09-13,8.8,0 days 08:51:00,08:51:00,1.4,5.4,1.8,0.2,0.0,13.0,9.0,18.0,1.0,13.989999771118164,45.0,89.0,84.0,100.0,84.0,84.0,80.0,83.0,87.0,88.0,87.0,83.0,87.0,POSITIVE_LONG_AND_CONTINUOUS,NONE
2024-09-14,7.9,0 days 07:54:00,07:54:00,1.2,5.7,1.0,0.1,0.0,13.0,9.0,16.0,0.0,14.5600004196167,43.0,85.0,83.0,96.0,82.0,78.0,64.0,70.0,100.0,100.0,100.0,81.0,96.0,POSITIVE_LONG_AND_CONTINUOUS,POSITIVE_STRESSFUL_DAY
2024-09-15,12.0,0 days 12:02:00,12:02:00,1.2,8.0,1.9,0.9,0.0,13.0,9.0,16.0,3.0,14.069999694824219,71.0,75.0,71.0,100.0,84.0,69.0,73.0,70.0,61.0,44.0,52.0,73.0,57.0,NEGATIVE_LONG_BUT_DISCONTINUOUS,NEGATIVE_STRENUOUS_EXERCISE
2024-09-16,6.9,0 days 06:53:00,06:53:00,1.2,3.6,2.1,0.0,0.0,13.0,11.0,15.0,0.0,20.25,43.0,79.0,83.0,76.0,70.0,86.0,86.0,100.0,100.0,100.0,100.0,75.0,94.0,POSITIVE_CONTINUOUS,POSITIVE_LATE_BED_TIME
2024-09-17,8.7,0 days 08:42:00,08:42:00,1.6,4.9,2.2,0.0,0.0,14.0,12.0,20.0,0.0,9.359999656677246,48.0,98.0,97.0,100.0,100.0,91.0,100.0,94.0,100.0,100.0,100.0,80.0,95.0,POSITIVE_HIGHLY_RECOVERING,NONE
2024-09-18,6.9,0 days 06:52:00,06:52:00,2.3,3.5,0.8,0.3,0.0,14.0,11.0,20.0,2.0,13.770000457763672,29.0,75.0,82.0,72.0,85.0,100.0,61.0,99.0,74.0,80.0,77.0,91.0,79.0,POSITIVE_DEEP,NONE
2024-09-19,6.8,0 days 06:46:00,06:46:00,1.3,4.6,0.7,0.2,0.0,14.0,12.0,18.0,1.0,18.260000228881836,33.0,74.0,79.0,72.0,73.0,96.0,57.0,72.0,87.0,91.0,89.0,85.0,88.0,NEGATIVE_NOT_ENOUGH_REM,NEGATIVE_HIGHLY_STRESSFUL_DAY
2024-09-20,8.5,0 days 08:31:00,08:31:00,1.8,4.5,2.1,0.1,0.0,13.0,9.0,17.0,0.0,7.5,34.0,100.0,100.0,100.0,100.0,100.0,100.0,98.0,100.0,100.0,100.0,95.0,99.0,POSITIVE_HIGHLY_RECOVERING,POSITIVE_LATE_BED_TIME
2024-09-21,7.8,0 days 07:50:00,07:50:00,2.4,4.0,1.4,0.1,0.0,13.0,11.0,15.0,0.0,14.869999885559082,42.0,88.0,88.0,94.0,81.0,100.0,73.0,100.0,100.0,100.0,100.0,81.0,96.0,POSITIVE_LONG_AND_DEEP,POSITIVE_STRESSFUL_DAY
2024-09-22,10.9,0 days 10:56:00,10:56:00,1.6,6.1,3.0,0.2,0.0,13.0,11.0,23.0,1.0,16.399999618530273,60.0,88.0,84.0,100.0,77.0,78.0,98.0,93.0,87.0,89.0,88.0,79.0,86.0,POSITIVE_LONG_AND_REFRESHING,POSITIVE_STRESSFUL_DAY
2024-09-23,6.1,0 days 06:08:00,06:08:00,1.1,4.4,0.5,0.1,0.0,13.0,11.0,16.0,0.0,23.510000228881836,28.0,67.0,76.0,65.0,63.0,90.0,48.0,69.0,100.0,99.0,99.0,89.0,97.0,NEGATIVE_NOT_ENOUGH_REM,NONE
2024-09-24,7.3,0 days 07:16:00,07:16:00,1.1,4.6,1.4,0.1,0.0,14.0,11.0,16.0,1.0,16.979999542236328,31.0,80.0,82.0,79.0,76.0,79.0,79.0,80.0,87.0,97.0,92.0,92.0,91.0,POSITIVE_CONTINUOUS,POSITIVE_STRESSFUL_DAY
2024-09-25,7.1,0 days 07:05:00,07:05:00,1.6,4.4,1.0,0.1,0.0,14.0,11.0,18.0,0.0,22.6299991607666,38.0,76.0,81.0,77.0,65.0,100.0,67.0,81.0,100.0,95.0,97.0,80.0,94.0,POSITIVE_DEEP,POSITIVE_STRESSFUL_DAY
2024-09-26,9.5,0 days 09:32:40,09:32:40,1.6,5.0,2.8,0.1,0.0,13.0,11.0,23.0,1.0,7.119999885559082,39.0,94.0,92.0,100.0,100.0,83.0,88.0,99.0,87.0,95.0,91.0,94.0,91.0,POSITIVE_HIGHLY_RECOVERING,NONE
2024-09-27,10.3,0 days 10:17:00,10:17:00,2.2,5.2,2.5,0.4,0.0,14.0,11.0,18.0,1.0,13.359999656677246,59.0,92.0,89.0,100.0,87.0,100.0,100.0,100.0,87.0,77.0,82.0,76.0,81.0,POSITIVE_OPTIMAL_STRUCTURE,POSITIVE_EXERCISE
2024-09-28,9.0,0 days 08:57:00,08:57:00,1.6,4.7,2.0,0.6,0.0,13.0,10.0,18.0,3.0,13.199999809265137,42.0,84.0,84.0,100.0,87.0,97.0,100.0,94.0,61.0,62.0,61.0,84.0,65.0,POSITIVE_LONG_AND_REFRESHING,POSITIVE_LATE_BED_TIME
2024-09-29,8.5,0 days 08:31:00,08:31:00,1.9,4.7,1.6,0.4,0.0,15.0,12.0,23.0,1.0,21.290000915527344,50.0,83.0,79.0,100.0,67.0,100.0,76.0,92.0,87.0,78.0,82.0,76.0,82.0,POSITIVE_LONG_AND_DEEP,NONE
2024-09-30,8.567631578947369,0 days 08:34:03,08:34:03,1.5,5.0,1.7,0.3,0.0,13.436507936507937,10.61111111111111,17.685185185185187,1.0736842105263158,14.716210509601392,44.48684210526316,84.02110817941953,83.8047493403694,93.4802110817942,83.36411609498681,88.04485488126649,80.84696569920844,85.25857519788919,85.56200527704486,82.51451187335093,83.84696569920844,82.0712401055409,83.39841688654353,NONE,NONE
2024-10-01,8.567631578947369,0 days 08:34:03,08:34:03,1.5,5.0,1.7,0.3,0.0,13.436507936507937,10.61111111111111,17.685185185185187,1.0736842105263158,14.716210509601392,44.48684210526316,84.02110817941953,83.8047493403694,93.4802110817942,83.36411609498681,88.04485488126649,80.84696569920844,85.25857519788919,85.56200527704486,82.51451187335093,83.84696569920844,82.0712401055409,83.39841688654353,NONE,NONE
2024-10-02,9.2,0 days 09:10:00,09:10:00,1.3,5.7,2.1,0.1,0.0,14.0,12.0,19.0,0.0,5.849999904632568,44.0,95.0,94.0,100.0,100.0,76.0,97.0,83.0,100.0,97.0,98.0,86.0,96.0,POSITIVE_HIGHLY_RECOVERING,POSITIVE_RESTFUL_EVENING
2024-10-03,9.8,0 days 09:51:00,09:51:00,1.1,6.3,2.0,0.5,0.0,13.0,11.0,16.0,2.0,11.020000457763672,54.0,85.0,82.0,100.0,96.0,70.0,80.0,75.0,74.0,71.0,72.0,79.0,74.0,POSITIVE_LONG_AND_RECOVERING,NONE
2024-10-04,8.4,0 days 08:21:00,08:21:00,0.9,6.2,0.5,0.7,0.0,14.0,11.0,18.0,3.0,13.960000038146973,55.0,69.0,67.0,92.0,84.0,72.0,38.0,55.0,61.0,59.0,60.0,67.0,61.0,NEGATIVE_LONG_BUT_NOT_ENOUGH_REM,NEGATIVE_LATE_BED_TIME
2024-10-05,9.2,0 days 09:11:00,09:11:00,3.1,3.4,2.1,0.6,0.0,14.0,10.0,18.0,2.0,12.59000015258789,40.0,89.0,88.0,100.0,90.0,100.0,100.0,95.0,74.0,65.0,69.0,88.0,73.0,POSITIVE_LONG_AND_DEEP,NONE
2024-10-06,9.7,0 days 09:44:00,09:44:00,1.4,6.3,1.9,0.1,0.0,14.0,11.0,17.0,1.0,14.020000457763672,51.0,88.0,84.0,100.0,84.0,77.0,78.0,78.0,87.0,95.0,91.0,82.0,89.0,POSITIVE_LONG_AND_CONTINUOUS,POSITIVE_LATE_BED_TIME
2024-10-07,8.3,0 days 08:20:00,08:20:00,1.9,4.4,2.0,0.0,0.0,14.0,11.0,19.0,0.0,15.40999984741211,46.0,93.0,92.0,100.0,79.0,100.0,100.0,100.0,100.0,100.0,100.0,81.0,96.0,POSITIVE_OPTIMAL_STRUCTURE,POSITIVE_EXERCISE
2024-10-08,8.8,0 days 08:47:00,08:47:00,1.0,5.5,2.0,0.3,0.0,14.0,11.0,16.0,1.0,11.380000114440918,53.0,89.0,87.0,100.0,94.0,72.0,95.0,79.0,87.0,80.0,83.0,74.0,82.0,POSITIVE_LONG_AND_REFRESHING,NONE
2024-10-09,7.2,0 days 07:10:00,07:10:00,2.0,3.6,1.3,0.2,0.0,14.0,11.0,19.0,1.0,9.279999732971191,37.0,87.0,91.0,85.0,100.0,100.0,76.0,100.0,87.0,88.0,87.0,82.0,86.0,POSITIVE_LONG_AND_RECOVERING,NONE
2024-10-10,9.2,0 days 09:09:00,09:09:00,1.5,5.3,2.1,0.2,0.0,13.0,10.0,17.0,1.0,8.579999923706055,55.0,94.0,92.0,100.0,100.0,86.0,96.0,88.0,87.0,92.0,89.0,75.0,86.0,POSITIVE_HIGHLY_RECOVERING,POSITIVE_RESTFUL_EVENING
2024-10-11,7.4,0 days 07:26:00,07:26:00,2.2,3.4,1.3,0.5,0.0,13.0,10.0,16.0,4.0,19.219999313354492,36.0,72.0,71.0,89.0,72.0,100.0,76.0,100.0,32.0,69.0,50.0,83.0,53.0,NEGATIVE_LONG_BUT_DISCONTINUOUS,NEGATIVE_HIGHLY_STRESSFUL_DAY
2024-10-12,7.5,0 days 07:29:00,07:29:00,1.8,3.9,1.8,0.0,0.0,14.0,11.0,19.0,0.0,20.84000015258789,27.0,87.0,89.0,95.0,68.0,100.0,97.0,100.0,100.0,100.0,100.0,99.0,100.0,POSITIVE_LONG_AND_DEEP,POSITIVE_STRESSFUL_DAY
2024-10-13,9.3,0 days 09:16:00,09:16:00,1.4,6.2,1.4,0.1,0.0,13.0,9.0,19.0,0.0,12.890000343322754,54.0,89.0,86.0,100.0,88.0,80.0,70.0,75.0,100.0,96.0,98.0,78.0,94.0,POSITIVE_LONG_AND_CONTINUOUS,POSITIVE_LATE_BED_TIME
2024-10-14,10.4,0 days 10:22:00,10:22:00,1.4,6.1,2.7,0.2,0.0,14.0,11.0,16.0,1.0,17.309999465942383,55.0,87.0,84.0,100.0,75.0,75.0,100.0,87.0,87.0,93.0,90.0,81.0,88.0,POSITIVE_LONG_AND_REFRESHING,POSITIVE_EXERCISE
2024-10-15,7.2,0 days 07:11:00,07:11:00,0.7,5.2,0.8,0.5,0.0,14.0,12.0,17.0,3.0,15.649999618530273,47.0,70.0,70.0,73.0,79.0,70.0,61.0,63.0,61.0,68.0,64.0,67.0,65.0,POSITIVE_RECOVERING,NONE
2024-10-16,10.1,0 days 10:05:00,10:05:00,1.8,5.6,2.1,0.6,0.0,14.0,11.0,23.0,2.0,9.720000267028809,50.0,90.0,89.0,100.0,100.0,95.0,90.0,90.0,74.0,67.0,70.0,84.0,73.0,POSITIVE_HIGHLY_RECOVERING,NONE
2024-10-17,8.6,0 days 08:35:00,08:35:00,1.0,5.9,1.2,0.4,0.0,13.0,9.0,17.0,1.0,15.59000015258789,45.0,83.0,77.0,100.0,79.0,73.0,68.0,70.0,87.0,78.0,82.0,80.0,82.0,POSITIVE_LONG_AND_CONTINUOUS,NONE
2024-10-18,9.5,0 days 09:29:00,09:29:00,1.7,5.7,1.8,0.3,0.0,14.0,10.0,17.0,1.0,16.6299991607666,55.0,87.0,82.0,100.0,77.0,92.0,77.0,83.0,87.0,84.0,85.0,76.0,84.0,POSITIVE_LONG_AND_DEEP,POSITIVE_EXERCISE
2024-10-19,9.2,0 days 09:15:00,09:15:00,2.5,4.8,1.8,0.1,0.0,13.0,9.0,17.0,1.0,12.329999923706055,37.0,93.0,91.0,100.0,91.0,100.0,78.0,100.0,87.0,97.0,92.0,94.0,92.0,POSITIVE_OPTIMAL_STRUCTURE,POSITIVE_STRESSFUL_DAY
2024-10-20,10.9,0 days 10:55:00,10:55:00,1.0,6.9,1.9,1.1,0.0,13.436507936507937,10.61111111111111,17.685185185185187,4.0,24.049999237060547,62.0,64.0,58.0,100.0,62.0,68.0,78.0,73.0,32.0,34.0,33.0,73.0,40.0,NEGATIVE_LONG_BUT_POOR_QUALITY,NEGATIVE_STRENUOUS_EXERCISE
2024-10-21,8.9,0 days 08:52:00,08:52:00,1.6,5.0,1.7,0.6,0.0,13.436507936507937,10.61111111111111,17.685185185185187,3.0,19.850000381469727,53.0,78.0,74.0,100.0,70.0,94.0,80.0,87.0,61.0,62.0,61.0,73.0,64.0,POSITIVE_LONG_AND_DEEP,POSITIVE_STRESSFUL_DAY
2024-10-22,6.1,0 days 06:05:00,06:05:00,0.9,4.0,0.9,0.3,0.0,14.0,12.0,17.0,1.0,19.170000076293945,26.0,70.0,78.0,63.0,72.0,80.0,68.0,74.0,87.0,85.0,86.0,90.0,87.0,POSITIVE_CALM,NONE
2024-10-23,7.2,0 days 07:15:00,07:15:00,1.0,4.9,1.2,0.1,0.0,13.0,11.0,18.0,0.0,10.970000267028809,40.0,83.0,88.0,79.0,96.0,76.0,72.0,74.0,100.0,99.0,99.0,79.0,95.0,POSITIVE_CONTINUOUS,NONE
2024-10-24,8.7,0 days 08:43:00,08:43:00,1.9,5.3,1.2,0.4,0.0,13.0,9.0,16.0,1.0,7.679999828338623,45.0,89.0,88.0,100.0,100.0,100.0,66.0,81.0,87.0,76.0,81.0,81.0,82.0,POSITIVE_LONG_AND_RECOVERING,POSITIVE_STRESSFUL_DAY
2024-10-25,7.5,0 days 07:29:00,07:29:00,0.9,5.5,0.7,0.4,0.0,14.0,12.0,16.0,1.0,20.030000686645508,41.0,72.0,71.0,79.0,70.0,74.0,51.0,63.0,87.0,76.0,81.0,79.0,81.0,NEGATIVE_NOT_ENOUGH_REM,NONE
2024-10-26,4.0,0 days 03:59:00,03:59:00,1.2,2.2,0.4,0.1,0.0,14.0,12.0,16.0,0.0,28.399999618530273,21.0,47.0,75.0,31.0,52.0,100.0,55.0,92.0,100.0,95.0,97.0,80.0,94.0,NEGATIVE_SHORT_AND_NONRECOVERING,NONE
2024-10-27,9.6,0 days 09:36:00,09:36:00,1.1,6.6,1.7,0.2,0.0,14.0,12.0,21.0,1.0,12.850000381469727,61.0,87.0,82.0,100.0,89.0,71.0,75.0,72.0,87.0,91.0,89.0,72.0,85.0,POSITIVE_LONG_AND_RECOVERING,NONE
2024-10-28,8.4,0 days 08:24:00,08:24:00,1.5,5.8,0.7,0.4,0.0,14.0,11.0,17.0,2.0,44.0099983215332,52.0,52.0,52.0,100.0,14.0,91.0,45.0,68.0,74.0,75.0,74.0,72.0,74.0,NEGATIVE_LONG_BUT_NOT_RESTORATIVE,NEGATIVE_VERY_STRENUOUS_EXERCISE
2024-10-29,8.7,0 days 08:42:00,08:42:00,1.9,4.5,2.0,0.4,0.0,13.0,9.0,19.0,1.0,12.529999732971191,49.0,93.0,90.0,100.0,90.0,100.0,97.0,98.0,87.0,78.0,82.0,78.0,82.0,POSITIVE_OPTIMAL_STRUCTURE,POSITIVE_STRESSFUL_DAY
2024-10-30,6.0,0 days 06:01:00,06:01:00,1.4,3.4,0.9,0.3,0.0,14.0,11.0,17.0,1.0,14.970000267028809,28.0,71.0,84.0,62.0,80.0,100.0,69.0,87.0,87.0,84.0,85.0,88.0,86.0,POSITIVE_DEEP,POSITIVE_EXERCISE
2024-10-31,9.2,0 days 09:12:00,09:12:00,1.6,5.6,1.6,0.3,0.0,14.0,11.0,16.0,1.0,8.670000076293945,48.0,91.0,89.0,100.0,100.0,93.0,75.0,82.0,87.0,80.0,83.0,81.0,83.0,POSITIVE_HIGHLY_RECOVERING,NONE
2024-11-01,8.5,0 days 08:28:00,08:28:00,1.4,5.4,1.3,0.3,0.0,13.0,10.0,16.0,1.0,14.800000190734863,37.0,86.0,82.0,100.0,81.0,88.0,70.0,77.0,87.0,80.0,83.0,90.0,85.0,POSITIVE_LONG_AND_CALM,NONE
2024-11-02,8.1,0 days 08:07:00,08:07:00,1.6,4.2,1.8,0.4,0.0,14.0,12.0,18.0,1.0,24.90999984741211,40.0,79.0,80.0,92.0,60.0,100.0,96.0,96.0,87.0,74.0,80.0,83.0,82.0,POSITIVE_LONG_AND_DEEP,POSITIVE_STRESSFUL_DAY
2024-11-03,9.2,0 days 09:09:00,09:09:00,1.8,5.6,1.8,0.0,0.0,13.0,11.0,16.0,0.0,14.15999984741211,50.0,91.0,89.0,100.0,83.0,98.0,77.0,86.0,100.0,100.0,100.0,80.0,95.0,POSITIVE_OPTIMAL_STRUCTURE,POSITIVE_LATE_BED_TIME
2024-11-04,7.5,0 days 07:32:00,07:32:00,1.5,4.5,1.1,0.4,0.0,14.0,11.0,20.0,2.0,15.550000190734863,31.0,78.0,80.0,79.0,79.0,100.0,68.0,80.0,74.0,74.0,74.0,93.0,77.0,POSITIVE_DEEP,POSITIVE_STRESSFUL_DAY
2024-11-05,8.3,0 days 08:16:00,08:16:00,2.0,4.4,1.4,0.5,0.0,13.0,10.0,18.0,3.0,23.6299991607666,43.0,76.0,73.0,95.0,63.0,100.0,73.0,94.0,61.0,72.0,66.0,81.0,68.0,POSITIVE_LONG_AND_DEEP,POSITIVE_STRESSFUL_DAY
2024-11-06,8.8,0 days 08:47:00,08:47:00,1.4,6.2,1.1,0.0,0.0,13.0,11.0,15.0,0.0,17.270000457763672,43.0,84.0,82.0,100.0,75.0,82.0,64.0,72.0,100.0,100.0,100.0,87.0,97.0,POSITIVE_LONG_AND_CONTINUOUS,POSITIVE_RESTFUL_EVENING
2024-11-07,9.3,0 days 09:19:00,09:19:00,2.3,4.9,2.0,0.1,0.0,13.0,9.0,16.0,0.0,11.84000015258789,47.0,96.0,94.0,100.0,93.0,100.0,84.0,100.0,100.0,100.0,100.0,85.0,97.0,POSITIVE_OPTIMAL_STRUCTURE,POSITIVE_STRESSFUL_DAY
2024-11-08,8.3,0 days 08:19:00,08:19:00,1.2,5.6,1.3,0.2,0.0,13.0,10.0,16.0,1.0,22.079999923706055,46.0,81.0,76.0,100.0,66.0,78.0,70.0,74.0,87.0,92.0,89.0,79.0,87.0,POSITIVE_LONG_AND_CONTINUOUS,POSITIVE_STRESSFUL_DAY
2024-11-09,8.3,0 days 08:18:00,08:18:00,1.0,5.4,1.9,0.0,0.0,13.0,9.0,16.0,0.0,8.550000190734863,52.0,93.0,92.0,100.0,100.0,72.0,94.0,79.0,100.0,100.0,100.0,74.0,94.0,POSITIVE_HIGHLY_RECOVERING,NONE
2024-11-10,7.6,0 days 07:39:00,07:39:00,1.0,5.4,1.1,0.1,0.0,14.0,11.0,23.0,0.0,16.209999084472656,40.0,82.0,82.0,89.0,78.0,74.0,68.0,70.0,100.0,99.0,99.0,82.0,96.0,POSITIVE_LONG_AND_CONTINUOUS,POSITIVE_LATE_BED_TIME
2024-11-11,10.1,0 days 10:07:00,10:07:00,1.6,6.4,1.8,0.2,0.0,13.0,9.0,17.0,1.0,10.119999885559082,64.0,90.0,88.0,100.0,100.0,83.0,75.0,79.0,87.0,89.0,88.0,72.0,84.0,POSITIVE_HIGHLY_RECOVERING,POSITIVE_STRESSFUL_DAY
2024-11-12,6.8,0 days 06:49:00,06:49:00,1.9,3.5,1.3,0.1,0.0,14.0,11.0,17.0,0.0,10.420000076293945,33.0,83.0,94.0,74.0,98.0,100.0,78.0,100.0,100.0,96.0,98.0,87.0,96.0,POSITIVE_DEEP,NONE
2024-11-13,6.8,0 days 06:51:00,06:51:00,2.2,2.9,1.4,0.3,0.0,13.0,11.0,16.0,1.0,10.359999656677246,33.0,81.0,92.0,72.0,99.0,100.0,82.0,100.0,87.0,84.0,85.0,86.0,86.0,POSITIVE_DEEP,POSITIVE_STRESSFUL_DAY
2024-11-14,8.7,0 days 08:41:32,08:41:32,1.6,4.9,2.1,0.1,0.0,13.0,10.0,16.0,1.0,7.869999885559082,49.0,96.0,95.0,100.0,100.0,93.0,100.0,93.0,87.0,97.0,92.0,78.0,88.0,POSITIVE_HIGHLY_RECOVERING,POSITIVE_STRESSFUL_DAY
2024-11-15,8.6,0 days 08:38:00,08:38:00,1.5,5.1,1.6,0.3,0.0,13.0,11.0,15.0,2.0,22.149999618530273,37.0,81.0,77.0,100.0,66.0,92.0,78.0,84.0,74.0,79.0,76.0,90.0,79.0,POSITIVE_LONG_AND_DEEP,POSITIVE_STRESSFUL_DAY
2024-11-16,9.7,0 days 09:43:00,09:43:00,1.8,5.1,2.8,0.1,0.0,13.0,9.0,16.0,0.0,18.059999465942383,63.0,89.0,87.0,100.0,74.0,91.0,94.0,100.0,100.0,100.0,100.0,72.0,93.0,POSITIVE_LONG_AND_CONTINUOUS,POSITIVE_STRESSFUL_DAY
2024-11-17,8.9,0 days 08:53:00,08:53:00,1.1,5.7,2.1,0.0,0.0,13.0,9.0,15.0,0.0,11.069999694824219,37.0,94.0,93.0,100.0,96.0,72.0,98.0,80.0,100.0,100.0,100.0,93.0,99.0,POSITIVE_OPTIMAL_STRUCTURE,POSITIVE_LATE_BED_TIME
2024-11-18,8.4,0 days 08:26:00,08:26:00,1.0,5.8,1.6,0.1,0.0,14.0,11.0,16.0,0.0,21.079999923706055,54.0,82.0,79.0,100.0,68.0,72.0,77.0,74.0,100.0,100.0,100.0,72.0,93.0,POSITIVE_LONG_AND_CONTINUOUS,POSITIVE_STRESSFUL_DAY
2024-11-19,8.5,0 days 08:30:00,08:30:00,1.9,4.6,1.8,0.2,0.0,13.0,10.0,16.0,1.0,7.139999866485596,55.0,94.0,93.0,100.0,100.0,100.0,86.0,96.0,87.0,91.0,89.0,71.0,85.0,POSITIVE_HIGHLY_RECOVERING,POSITIVE_LATE_BED_TIME
2024-11-20,9.2,0 days 09:12:00,09:12:00,1.6,5.2,2.3,0.2,0.0,13.0,11.0,16.0,0.0,10.510000228881836,48.0,96.0,95.0,100.0,98.0,86.0,100.0,93.0,100.0,93.0,96.0,82.0,94.0,POSITIVE_OPTIMAL_STRUCTURE,POSITIVE_STRESSFUL_DAY
2024-11-21,9.1,0 days 09:04:00,09:04:00,1.0,5.7,2.1,0.3,0.0,13.0,11.0,19.0,0.0,11.180000305175781,36.0,92.0,91.0,100.0,95.0,71.0,98.0,79.0,100.0,84.0,92.0,95.0,93.0,POSITIVE_OPTIMAL_STRUCTURE,NONE
2024-11-22,8.0,0 days 07:59:00,07:59:00,1.8,4.0,2.0,0.1,0.0,13.0,10.0,16.0,0.0,19.43000030517578,30.0,88.0,90.0,96.0,71.0,100.0,100.0,100.0,100.0,96.0,98.0,97.0,98.0,POSITIVE_LONG_AND_DEEP,POSITIVE_STRESSFUL_DAY
2024-11-23,9.8,0 days 09:47:00,09:47:00,1.4,6.2,2.1,0.1,0.0,13.0,10.0,18.0,0.0,14.4399995803833,57.0,89.0,86.0,100.0,82.0,76.0,86.0,80.0,100.0,97.0,98.0,78.0,94.0,POSITIVE_LONG_AND_CONTINUOUS,POSITIVE_LATE_BED_TIME
2024-11-24,7.5,0 days 07:28:00,07:28:00,2.0,3.3,1.9,0.2,0.0,13.0,10.0,16.0,1.0,13.859999656677246,37.0,89.0,91.0,89.0,85.0,100.0,100.0,100.0,87.0,89.0,88.0,84.0,87.0,POSITIVE_LONG_AND_DEEP,NONE
2024-11-25,7.8,0 days 07:45:00,07:45:00,1.4,4.9,1.2,0.2,0.0,13.0,11.0,16.0,1.0,13.930000305175781,41.0,88.0,84.0,100.0,84.0,91.0,70.0,78.0,87.0,87.0,87.0,80.0,86.0,POSITIVE_LONG_AND_DEEP,NONE
2024-11-26,8.2,0 days 08:11:00,08:11:00,0.9,5.9,1.1,0.3,0.0,13.0,11.0,15.0,1.0,14.140000343322754,48.0,83.0,78.0,100.0,83.0,70.0,66.0,66.0,87.0,83.0,85.0,76.0,83.0,POSITIVE_LONG_AND_CONTINUOUS,POSITIVE_STRESSFUL_DAY
2024-11-27,8.6,0 days 08:33:00,08:33:00,0.9,6.2,1.2,0.2,0.0,13.0,11.0,17.0,0.0,14.829999923706055,51.0,84.0,80.0,100.0,81.0,69.0,68.0,67.0,100.0,87.0,93.0,75.0,90.0,POSITIVE_LONG_AND_CONTINUOUS,POSITIVE_STRESSFUL_DAY
2024-11-28,10.4,0 days 10:27:00,10:27:00,1.3,6.5,2.4,0.3,0.0,13.0,11.0,16.0,2.0,18.06999969482422,61.0,83.0,78.0,100.0,74.0,73.0,95.0,80.0,74.0,80.0,77.0,77.0,77.0,POSITIVE_LONG_AND_REFRESHING,POSITIVE_STRESSFUL_DAY
2024-11-29,8.567631578947369,0 days 08:34:03,08:34:03,1.5,5.0,1.7,0.3,0.0,13.436507936507937,10.61111111111111,17.685185185185187,1.0736842105263158,14.716210509601392,44.48684210526316,84.02110817941953,83.8047493403694,93.4802110817942,83.36411609498681,88.04485488126649,80.84696569920844,85.25857519788919,85.56200527704486,82.51451187335093,83.84696569920844,82.0712401055409,83.39841688654353,NONE,NONE
2024-12-01,8.567631578947369,0 days 08:34:03,08:34:03,1.5,5.0,1.7,0.3,0.0,13.436507936507937,10.61111111111111,17.685185185185187,1.0736842105263158,14.716210509601392,44.48684210526316,84.02110817941953,83.8047493403694,93.4802110817942,83.36411609498681,88.04485488126649,80.84696569920844,85.25857519788919,85.56200527704486,82.51451187335093,83.84696569920844,82.0712401055409,83.39841688654353,NONE,NONE
2024-12-02,9.1,0 days 09:06:00,09:06:00,1.2,5.7,2.2,0.0,0.0,14.0,11.0,18.0,0.0,11.6899995803833,56.0,93.0,91.0,100.0,93.0,74.0,100.0,83.0,100.0,100.0,100.0,76.0,94.0,POSITIVE_OPTIMAL_STRUCTURE,NONE
2024-12-03,8.4,0 days 08:26:00,08:26:00,0.9,6.2,1.0,0.3,0.0,13.0,11.0,17.0,1.0,16.110000610351562,51.0,81.0,76.0,100.0,78.0,70.0,63.0,65.0,87.0,85.0,86.0,75.0,84.0,POSITIVE_LONG_AND_CONTINUOUS,POSITIVE_STRESSFUL_DAY
2024-12-04,8.2,0 days 08:09:00,08:09:00,0.9,5.3,1.9,0.0,0.0,13.0,11.0,15.0,0.0,15.180000305175781,48.0,89.0,87.0,100.0,80.0,70.0,100.0,79.0,100.0,100.0,100.0,78.0,95.0,POSITIVE_LONG_AND_REFRESHING,POSITIVE_STRESSFUL_DAY
2024-12-05,10.3,0 days 10:17:00,10:17:00,1.8,5.4,2.8,0.3,0.0,13.0,10.0,16.0,1.0,7.75,45.0,96.0,94.0,100.0,100.0,92.0,100.0,98.0,87.0,84.0,85.0,90.0,87.0,POSITIVE_HIGHLY_RECOVERING,POSITIVE_STRESSFUL_DAY
2024-12-06,7.4,0 days 07:24:00,07:24:00,0.8,4.8,1.4,0.3,0.0,14.0,11.0,16.0,1.0,21.549999237060547,44.0,76.0,75.0,79.0,67.0,72.0,77.0,74.0,87.0,81.0,84.0,74.0,82.0,POSITIVE_CONTINUOUS,POSITIVE_STRESSFUL_DAY
2024-12-07,8.9,0 days 08:56:00,08:56:00,2.0,4.0,2.5,0.4,0.0,13.0,10.0,19.0,1.0,15.600000381469727,42.0,89.0,86.0,100.0,79.0,100.0,92.0,100.0,87.0,77.0,82.0,86.0,83.0,POSITIVE_LONG_AND_DEEP,POSITIVE_STRESSFUL_DAY
2024-12-08,7.1,0 days 07:04:00,07:04:00,1.6,4.0,1.4,0.0,0.0,13.0,10.0,16.0,0.0,13.8100004196167,35.0,83.0,90.0,78.0,85.0,100.0,77.0,92.0,100.0,100.0,100.0,85.0,97.0,POSITIVE_DEEP,POSITIVE_RESTFUL_EVENING
2024-12-09,9.3,0 days 09:19:00,09:19:00,1.6,5.6,2.1,0.0,0.0,13.0,10.0,16.0,0.0,11.8100004196167,54.0,94.0,92.0,100.0,93.0,83.0,92.0,86.0,100.0,100.0,100.0,78.0,95.0,POSITIVE_OPTIMAL_STRUCTURE,POSITIVE_STRESSFUL_DAY
2024-12-10,6.6,0 days 06:35:00,06:35:00,1.9,3.0,1.6,0.1,0.0,13.0,11.0,15.0,1.0,15.699999809265137,28.0,79.0,90.0,70.0,79.0,100.0,100.0,100.0,87.0,95.0,91.0,91.0,90.0,POSITIVE_DEEP,POSITIVE_STRESSFUL_DAY
2024-12-11,8.5,0 days 08:32:00,08:32:00,0.8,5.8,1.8,0.1,0.0,13.0,11.0,15.0,1.0,17.0,56.0,84.0,79.0,100.0,76.0,66.0,86.0,74.0,87.0,95.0,91.0,71.0,86.0,POSITIVE_LONG_AND_CONTINUOUS,POSITIVE_STRESSFUL_DAY
2024-12-12,8.6,0 days 08:33:00,08:33:00,1.1,5.8,0.9,0.6,0.0,13.0,11.0,17.0,3.0,14.220000267028809,53.0,77.0,72.0,98.0,83.0,77.0,62.0,68.0,61.0,62.0,61.0,70.0,63.0,POSITIVE_LONG_AND_RECOVERING,POSITIVE_STRESSFUL_DAY
2024-12-13,8.3,0 days 08:17:00,08:17:00,1.8,4.5,2.0,0.0,0.0,13.0,11.0,17.0,0.0,18.270000457763672,48.0,90.0,89.0,100.0,73.0,100.0,100.0,98.0,100.0,100.0,100.0,78.0,95.0,POSITIVE_OPTIMAL_STRUCTURE,POSITIVE_STRESSFUL_DAY
2024-12-14,6.8,0 days 06:47:00,06:47:00,2.0,3.5,1.2,0.1,0.0,13.0,12.0,15.0,0.0,11.289999961853027,27.0,82.0,94.0,74.0,95.0,100.0,74.0,100.0,100.0,100.0,100.0,95.0,99.0,POSITIVE_DEEP,NONE
2024-12-15,8.0,0 days 08:01:00,08:01:00,1.0,5.3,0.1,1.6,0.0,14.0,12.0,18.0,6.0,62.619998931884766,19.0,32.0,20.0,72.0,0.0,80.0,0.0,36.0,0.0,6.0,3.0,100.0,19.0,NEGATIVE_NOT_RESTORATIVE,NEGATIVE_VERY_STRENUOUS_EXERCISE
2024-12-16,8.9,0 days 08:53:00,08:53:00,1.8,5.8,1.2,0.1,0.0,14.0,11.0,21.0,0.0,17.829999923706055,62.0,85.0,83.0,100.0,74.0,100.0,65.0,78.0,100.0,99.0,99.0,68.0,92.0,POSITIVE_LONG_AND_DEEP,NONE
2024-12-17,8.567631578947369,0 days 08:34:03,08:34:03,1.5,5.0,1.7,0.3,0.0,13.436507936507937,10.61111111111111,17.685185185185187,1.0736842105263158,14.716210509601392,44.48684210526316,84.02110817941953,83.8047493403694,93.4802110817942,83.36411609498681,88.04485488126649,80.84696569920844,85.25857519788919,85.56200527704486,82.51451187335093,83.84696569920844,82.0712401055409,83.39841688654353,NONE,NONE
