calendarDate,Year,Month,MonthName,Quarter,Day,totalKilocalories,activeKilocalories,bmrKilocalories,totalSteps,totalDistanceMeters,highlyActiveSeconds,activeSeconds,moderateIntensityMinutes,vigorousIntensityMinutes,minHeartRate,maxHeartRate,restingHeartRate,currentDayRestingHeartRate,isVigorousDay,averageStressLevel,averageStressLevelIntensity,maxStressLevel,stressIntensityCount,stressOffWristCount,totalStressCount,totalStressIntensity,stressDuration,stressTooActiveCount,restDuration,activityDuration,mediumDuration,highDuration
2023-11-24,2023,11,November,4,24,2052,0,2052,19,15,0,30,0,0,78,79,43,43,0,42,41,50,10,246,256,-224,600,179,33074,10751,12004,12784
2023-11-25,2023,11,November,4,25,3183,1131,2052,13263,10367,1725,12036,23,10,52,141,68,68,0,53,47,100,319,889,1432,-9597,15360,224,3780,13440,6600,4200
2023-11-26,2023,11,November,4,26,2536,484,2052,5195,4054,527,3468,15,25,40,175,56,43,0,18,14,93,1170,159,1438,52412,18000,109,52200,6540,5280,2520
2023-11-27,2023,11,November,4,27,2249,197,2052,6601,5160,724,3164,0,0,40,113,51,43,0,34,22,96,1182,70,1408,15097,32580,156,38340,9360,11400,13500
2023-11-28,2023,11,November,4,28,3009,957,2052,9622,6974,2788,4783,44,55,40,182,50,45,0,53,43,99,1136,113,1435,-28475,47280,186,20880,11160,16560,23880
2023-11-29,2023,11,November,4,29,2865,813,2052,10054,5099,3451,2993,35,30,40,154,48,42,0,35,23,99,1120,145,1437,9675,30960,172,36240,10320,9060,12480
2023-11-30,2023,11,November,4,30,2804,752,2052,9693,7554,3802,2219,48,38,42,183,48,45,0,45,33,99,1167,103,1424,-12405,42360,154,27660,9240,16320,18300
2023-12-01,2023,12,December,4,1,2601,549,2052,10226,7160,3908,2119,50,12,43,143,48,48,0,45,35,99,1171,59,1389,-16171,43740,159,26520,9540,14460,16140
2023-12-02,2023,12,December,4,2,3020,968,2052,11377,8598,2928,6557,60,38,43,173,45,48,0,40,28,99,1074,115,1350,-4405,33840,161,30600,9660,14340,10680
2023-12-03,2023,12,December,4,3,3509,1457,2052,11254,8568,1327,12348,26,6,44,142,46,49,0,44,30,99,983,153,1369,-7157,25380,233,33600,13980,1920,20940
2023-12-04,2023,12,December,4,4,2641,589,2052,9079,9181,1989,2778,24,30,41,167,46,44,0,38,26,96,1168,90,1382,-2305,39420,124,30660,7440,15000,10140
2023-12-05,2023,12,December,4,5,3050,998,2052,9234,7107,3501,2751,55,29,41,161,45,42,0,31,22,99,1189,126,1438,15921,32700,123,38640,7380,12780,6060
2023-12-06,2023,12,December,4,6,2715,663,2052,9762,7183,3317,2536,48,14,39,162,46,43,0,31,22,99,1195,107,1438,15293,28560,136,43140,8160,7500,10140
2023-12-07,2023,12,December,4,7,2881,829,2052,10358,8123,2619,4837,48,39,41,179,45,44,0,35,24,98,1174,109,1436,4664,33180,153,37260,9180,12720,9660
2023-12-08,2023,12,December,4,8,3098,1046,2052,11707,8381,3902,3377,60,27,42,168,45,45,0,42,30,99,1103,151,1408,-7360,39000,154,27180,9240,14040,13260
2023-12-09,2023,12,December,4,9,3256,1204,2052,13975,10734,525,13569,12,0,41,124,45,47,0,51,38,99,1056,162,1438,-19184,36300,220,27060,13200,5580,27060
2023-12-10,2023,12,December,4,10,2334,282,2052,7093,4940,2253,1428,42,3,41,144,44,46,0,24,18,93,1253,65,1439,36235,22800,121,52380,7260,9120,3660
2023-12-11,2023,12,December,4,11,3074,1022,2052,8116,7388,3528,3911,10,67,39,177,44,41,0,22,17,98,1102,73,1377,35849,23940,202,42180,12120,4980,2880
2023-12-12,2023,12,December,4,12,2897,845,2052,12580,9315,3217,5511,46,38,41,172,44,45,0,36,25,97,1022,186,1435,2635,31560,227,29760,13620,12300,8340
2023-12-13,2023,12,December,4,13,2807,755,2052,11001,9715,4522,2864,25,43,43,179,45,48,1,40,31,96,1184,92,1433,-10026,40620,157,30420,9420,15960,9780
2023-12-14,2023,12,December,4,14,2161,109,2052,3769,2969,299,1639,0,0,41,122,45,44,0,35,24,98,1285,71,1440,6165,38340,84,38760,5040,16380,8220
2023-12-15,2023,12,December,4,15,2597,545,2052,4235,3362,482,3132,0,0,40,126,45,43,0,43,28,99,1235,76,1440,-5451,41400,129,32700,7740,14040,19380
2023-12-16,2023,12,December,4,16,3181,1129,2052,13786,11207,1831,9999,8,11,41,147,45,45,1,47,31,99,1069,140,1440,-10103,33900,231,30240,13860,3120,27900
2023-12-17,2023,12,December,4,17,2113,61,2052,3769,2971,580,1080,0,0,46,103,46,53,0,41,36,96,1259,77,1435,-18478,48420,99,27120,5940,20160,6660
2023-12-18,2023,12,December,4,18,2877,825,2052,9592,7514,3136,4664,35,30,40,174,46,45,1,40,25,98,1024,113,1304,2347,32040,167,29400,10020,8880,16080
2023-12-19,2023,12,December,4,19,2844,792,2052,10334,8293,3262,3822,45,4,46,146,47,50,0,46,37,99,1167,86,1440,-18563,40020,187,30000,11220,12180,18000
2023-12-20,2023,12,December,4,20,3083,1031,2052,10557,7819,3544,4709,106,27,44,161,47,49,1,33,24,96,1035,161,1395,6980,29700,199,32400,11940,12420,5640
2023-12-21,2023,12,December,4,21,2745,693,2052,7055,5308,2806,4345,30,0,43,127,47,46,0,44,31,99,1215,62,1425,-9315,40260,148,32640,8880,13140,19740
2023-12-22,2023,12,December,4,22,2284,232,2052,7097,5583,957,3087,0,0,43,115,48,48,0,47,37,98,1139,89,1440,-19157,42300,212,26040,12720,15600,18660
2023-12-23,2023,12,December,4,23,3260,1208,2052,14697,11512,887,15265,15,9,41,157,48,43,0,42,26,100,874,237,1373,-1348,27660,262,24780,15720,8940,13740
2023-12-24,2023,12,December,4,24,2344,292,2052,7705,5984,1228,3098,0,0,43,121,47,49,0,36,25,99,1140,99,1440,3959,31860,201,36540,12060,11940,10200
2023-12-25,2023,12,December,4,25,2075,23,2052,3992,3104,646,844,0,0,40,96,47,42,0,22,17,89,1243,85,1440,40137,22980,112,51600,6720,7320,1560
2023-12-26,2023,12,December,4,26,2615,563,2052,6914,5395,757,4199,12,38,39,193,46,42,1,31,21,98,1174,135,1439,18930,26760,130,43680,7800,9300,10860
2023-12-27,2023,12,December,4,27,2860,808,2052,10625,8121,3045,3757,52,41,39,170,44,41,1,39,25,99,1134,132,1435,-1481,40140,169,27900,10140,15060,10380
2023-12-28,2023,12,December,4,28,3866,1814,2052,19785,16790,2410,18407,8,35,38,183,44,41,1,55,42,99,844,262,1438,-19356,29340,332,21300,19920,1080,27180
2023-12-29,2023,12,December,4,29,2172,120,2052,5291,4114,775,1737,0,0,43,125,44,47,0,32,24,96,1227,88,1440,7410,37380,125,36240,7500,15120,3000
2023-12-30,2023,12,December,4,30,3652,1600,2052,15930,12599,1756,15347,13,57,40,177,44,43,1,35,21,99,870,264,1439,14417,22380,305,29820,18300,6720,13620
2023-12-31,2023,12,December,4,31,2317,265,2052,7208,5726,705,3936,2,1,43,129,43,46,0,41,29,93,1221,84,1440,-7033,44820,135,28440,8100,19680,11700
2024-01-01,2024,1,January,1,1,2343,298,2045,9117,7382,2692,1910,27,1,41,137,44,45,0,35,24,98,1222,92,1440,6440,36960,126,36360,7560,16860,7080
2024-01-02,2024,1,January,1,2,2217,172,2045,7408,5766,1444,2679,0,0,39,111,44,44,0,30,21,99,1158,94,1440,18022,28200,188,41280,11280,9180,8400
2024-01-03,2024,1,January,1,3,2759,714,2045,10704,9766,2098,5136,12,27,42,191,44,44,1,39,25,98,1042,112,1333,-606,30840,179,31680,10740,11400,13140
2024-01-04,2024,1,January,1,4,2715,670,2045,5907,4611,1362,4190,21,5,46,139,45,48,0,46,40,99,1164,103,1440,-24366,43260,173,26580,10380,13800,15960
2024-01-05,2024,1,January,1,5,2499,454,2045,6483,4972,1666,2883,21,2,43,138,45,47,0,47,39,99,1238,71,1437,-23496,44400,128,29880,7680,11820,23580
2024-01-06,2024,1,January,1,6,2900,855,2045,10965,11256,3953,2242,5,60,40,180,45,43,1,33,23,99,1189,80,1437,13170,32880,168,38460,10080,14940,6420
2024-01-07,2024,1,January,1,7,2677,632,2045,12702,9912,1210,8573,0,1,41,120,45,43,0,46,34,99,1039,163,1436,-14014,37620,234,24720,14040,12840,18120
2024-01-08,2024,1,January,1,8,2913,868,2045,9634,9557,2627,2258,13,36,40,171,45,44,1,27,20,99,1133,173,1438,25862,22920,132,45060,7920,7560,5160
2024-01-09,2024,1,January,1,9,2849,804,2045,5106,3763,1228,3501,20,14,40,156,45,43,1,40,27,99,1224,105,1431,-3161,38580,102,34860,6120,10380,17280
2024-01-10,2024,1,January,1,10,2810,765,2045,9506,8225,2337,3920,21,27,40,167,44,42,1,30,22,100,1084,192,1437,15911,29520,161,35520,9660,5700,8400
2024-01-11,2024,1,January,1,11,2537,492,2045,10361,7924,3372,2805,56,1,41,146,44,44,0,41,29,99,1178,61,1399,-6638,40200,160,30480,9600,15780,12420
2024-01-12,2024,1,January,1,12,2433,388,2045,10168,7748,3888,939,50,1,41,145,43,43,0,33,23,95,1255,63,1433,11562,38160,115,37140,6900,17100,5400
2024-01-13,2024,1,January,1,13,3052,1007,2045,15058,14727,4295,3068,6,53,39,200,43,42,1,30,20,99,1175,103,1439,25115,23100,161,47400,9660,7260,11700
2024-01-14,2024,1,January,1,14,2198,153,2045,5586,4228,1697,971,19,2,40,136,43,43,0,28,20,94,1226,64,1388,26985,25800,98,47760,5880,10200,7980
2024-01-15,2024,1,January,1,15,2067,22,2045,1978,1533,439,321,0,0,40,105,43,42,0,28,22,90,1339,33,1439,20495,35700,67,44640,4020,13200,2820
2024-01-16,2024,1,January,1,16,2711,666,2045,10768,10005,3366,2079,1,40,38,178,42,40,1,32,22,98,1174,99,1439,15537,27060,166,43380,9960,7680,10500
2024-01-17,2024,1,January,1,17,2621,576,2045,10305,7679,3502,1918,61,3,42,143,43,45,0,37,25,99,1143,113,1437,666,37320,181,31260,10860,13080,10020
2024-01-18,2024,1,January,1,18,2715,670,2045,4462,3546,363,3666,45,17,43,152,43,46,1,40,26,99,1173,130,1429,-2485,36960,126,33420,7560,10980,15180
2024-01-19,2024,1,January,1,19,2148,103,2045,4858,3758,669,1902,0,0,42,110,43,44,0,36,25,99,1011,40,1134,3186,33780,83,26880,4980,11460,8340
2024-01-20,2024,1,January,1,20,2848,803,2045,15714,16136,4856,1633,7,59,38,167,43,43,1,31,21,93,950,103,1197,15222,23640,144,33360,8640,6840,8640
2024-01-21,2024,1,January,1,21,2312,267,2045,7662,5749,2552,1317,26,0,40,128,43,44,0,27,20,96,1271,56,1440,24985,27180,113,49080,6780,11400,4200
2024-01-22,2024,1,January,1,22,2835,790,2045,11412,8294,2878,4613,53,32,38,155,43,40,1,35,24,99,1222,59,1440,7916,35520,159,37800,9540,9780,11940
2024-01-23,2024,1,January,1,23,2797,752,2045,9772,9848,2824,2857,16,39,39,178,43,41,1,36,25,99,1174,107,1417,3794,35460,136,34980,8160,7920,12900
2024-01-24,2024,1,January,1,24,2420,375,2045,7875,5998,3779,2722,31,1,39,146,43,41,0,40,25,96,1244,46,1439,70,39720,149,34920,8940,13620,15960
2024-01-25,2024,1,January,1,25,2943,898,2045,11008,10740,2941,3383,26,39,39,179,42,41,1,34,23,100,1121,118,1417,11690,30480,178,36780,10680,8940,10980
2024-01-26,2024,1,January,1,26,2364,319,2045,10007,7213,3521,1732,60,0,42,127,42,46,0,40,31,96,1221,89,1432,-9755,43320,122,29940,7320,18600,7740
2024-01-27,2024,1,January,1,27,2200,155,2045,6481,4811,1179,2497,19,0,38,104,42,42,0,31,20,95,1229,85,1439,24327,30540,125,43200,7500,12900,10920
2024-01-28,2024,1,January,1,28,2142,97,2045,3866,2648,883,2943,11,0,40,114,42,44,0,26,21,90,1152,61,1302,21868,26940,89,42180,5340,9000,2160
2024-01-29,2024,1,January,1,29,2762,717,2045,11238,8112,3731,4843,82,23,38,155,42,40,1,34,23,99,1195,65,1433,9267,33660,173,38040,10380,10860,10080
2024-01-30,2024,1,January,1,30,2768,723,2045,10052,10047,3662,2309,13,55,39,178,42,41,1,35,24,96,1221,77,1438,6721,32520,140,40740,8400,7980,14520
2024-01-31,2024,1,January,1,31,2773,728,2045,10347,7909,3122,3963,62,3,41,141,42,43,0,41,30,99,1140,133,1438,-8116,36900,165,31500,9900,13200,12840
2024-02-01,2024,2,February,1,1,2292,247,2045,7005,5219,1402,2648,20,0,40,118,43,43,0,42,28,97,1259,53,1439,-6062,40140,127,35400,7620,16200,17160
2024-02-02,2024,2,February,1,2,2984,939,2045,11568,11138,3702,2742,21,43,39,177,42,42,1,45,34,99,1166,131,1439,-14076,43320,142,26640,8520,15720,16740
2024-02-03,2024,2,February,1,3,3390,1345,2045,16682,12827,1630,15154,104,11,46,148,43,46,0,47,37,99,1003,151,1437,-15965,31560,283,28620,16980,5400,21540
2024-02-04,2024,2,February,1,4,3245,1200,2045,19514,20603,5857,2723,19,84,44,167,43,46,1,33,24,98,1119,127,1437,6544,27600,191,39540,11460,10980,6060
2024-02-05,2024,2,February,1,5,2157,112,2045,3733,2917,479,1664,0,0,40,122,44,45,0,43,31,97,1281,69,1440,-11287,43860,90,33000,5400,16920,17460
2024-02-06,2024,2,February,1,6,2121,76,2045,4711,3735,790,1238,0,0,38,109,44,41,0,27,20,93,1276,70,1440,29985,29700,94,46860,5640,13260,3840
2024-02-07,2024,2,February,1,7,2304,259,2045,5943,4612,956,2955,0,0,38,118,43,41,0,33,23,99,1217,88,1440,11229,32100,135,40920,8100,9060,11160
2024-02-08,2024,2,February,1,8,2237,192,2045,2265,1767,736,1299,0,0,39,115,43,42,0,41,25,99,1018,203,1276,-233,30060,55,31020,3300,8580,16740
2024-02-09,2024,2,February,1,9,2492,447,2045,3398,2628,1218,2572,0,0,39,120,43,43,0,48,37,100,1265,70,1425,-19818,47580,90,28320,5400,13260,24840
2024-02-10,2024,2,February,1,10,2749,704,2045,10126,8117,1442,6929,48,30,40,166,43,42,1,45,31,98,1055,176,1411,-8670,34320,180,28980,10800,9900,20760
2024-02-11,2024,2,February,1,11,2234,189,2045,4913,3807,635,2514,0,0,43,116,43,46,0,51,44,99,1250,74,1437,-32657,51240,113,23760,6780,15180,23700
2024-02-12,2024,2,February,1,12,3284,1239,2045,9550,7733,2877,4168,52,43,41,161,43,45,1,37,24,99,1132,167,1440,7441,31320,141,36600,8460,9720,14580
2024-02-13,2024,2,February,1,13,3159,1114,2045,12707,11709,2553,3688,31,43,40,173,43,44,1,45,31,99,992,48,1165,-8947,33240,125,26280,7500,11220,16620
2024-02-14,2024,2,February,1,14,2619,574,2045,7128,5649,2110,2971,56,8,41,141,44,45,1,44,35,99,1235,99,1438,-17410,45240,104,28860,6240,20040,13800
2024-02-15,2024,2,February,1,15,2945,900,2045,9834,7497,2396,5220,47,32,40,174,44,42,1,40,25,99,1162,107,1439,180,37140,170,32580,10200,13680,15660
2024-02-16,2024,2,February,1,16,2866,821,2045,8503,6584,2231,3859,64,17,44,151,45,48,1,46,37,99,1150,134,1431,-20064,42360,147,26640,8820,15000,15960
2024-02-17,2024,2,February,1,17,3512,1467,2045,14719,11849,1224,12703,23,9,40,159,45,42,0,44,25,99,973,126,1369,167,26160,270,32220,16200,2100,23280
2024-02-18,2024,2,February,1,18,2149,104,2045,4629,3619,764,1346,0,0,41,112,45,47,0,40,31,98,1253,87,1440,-11102,43080,100,32100,6000,16920,8760
2024-02-19,2024,2,February,1,19,2686,641,2045,8545,6704,2062,4989,28,23,40,167,44,42,1,25,17,99,1048,58,1273,36783,19380,167,43500,10020,5040,9300
2024-02-20,2024,2,February,1,20,2523,478,2045,10594,8470,3593,2676,55,16,41,161,44,43,1,31,22,95,1156,101,1439,13344,29400,182,39960,10920,10500,5640
2024-02-21,2024,2,February,1,21,2686,641,2045,13909,10332,5530,1977,96,6,38,147,43,40,0,33,22,99,1160,48,1353,13766,29460,145,40140,8700,7080,11580
2024-02-22,2024,2,February,1,22,2353,308,2045,4917,3721,1987,2834,18,1,38,129,43,41,0,37,25,99,1294,40,1439,3057,43980,105,33660,6300,19320,7380
2024-02-23,2024,2,February,1,23,2141,96,2045,4221,3311,987,755,0,0,40,110,42,42,0,37,25,98,1270,67,1440,3291,38280,103,37920,6180,12180,13200
2024-02-24,2024,2,February,1,24,2113,68,2045,3681,2870,613,980,0,0,37,116,43,47,0,33,24,98,1287,77,1440,7619,26520,76,50700,4560,5160,12660
2024-02-25,2024,2,February,1,25,2668,623,2045,11295,8693,2377,5788,33,15,39,157,42,41,1,35,22,98,1127,105,1425,13925,29700,193,37920,11580,9420,13860
2024-02-26,2024,2,February,1,26,2439,394,2045,10048,7550,2503,3264,43,1,40,134,42,42,0,31,22,97,1152,128,1435,14945,30180,155,38940,9300,13320,4800
2024-02-27,2024,2,February,1,27,2498,453,2045,6835,5075,2200,3056,21,0,42,134,42,42,0,56,51,99,755,55,960,-26738,33240,150,12060,9000,9900,16860
2024-02-28,2024,2,February,1,28,3040,825,2215,6810,2970,3705,2881,17,8,39,151,42,41,0,44,29,100,1248,209,1550,-7958,42060,93,32820,5580,7860,23820
2024-02-29,2024,2,February,1,29,3387,1342,2045,16325,12653,2420,18594,22,8,40,138,42,42,0,43,28,100,956,204,1440,-4619,30840,280,26520,16800,11100,15780
2024-03-01,2024,3,March,1,1,3133,1088,2045,12435,9646,584,14797,49,5,42,140,42,46,0,44,34,99,1070,165,1440,-12460,36660,205,27540,12300,15900,13440
2024-03-02,2024,3,March,1,2,3470,1425,2045,19874,13519,2854,12928,81,48,40,175,43,44,1,48,34,99,950,168,1406,-12691,33720,288,23280,17280,12660,19020
2024-03-03,2024,3,March,1,3,1998,124,1874,5533,4280,697,2038,0,0,42,115,43,46,0,37,27,93,976,67,1135,-2951,34140,92,24420,5520,12360,6120
2024-03-04,2024,3,March,1,4,2918,873,2045,14091,12264,3850,5032,42,46,40,176,43,42,1,34,22,98,915,163,1258,11663,27000,180,27900,10800,12120,7980
2024-03-05,2024,3,March,1,5,2570,525,2045,12542,9629,4100,3181,57,3,42,144,44,44,0,44,33,98,1152,86,1386,-12316,38940,148,30180,8880,11340,20100
2024-03-06,2024,3,March,1,6,2783,738,2045,8400,6550,1005,6316,27,38,39,168,44,45,1,44,31,97,1141,107,1439,-9731,36600,191,31860,11460,11520,20460
2024-03-07,2024,3,March,1,7,2608,563,2045,8282,6107,3448,3630,51,1,41,134,44,44,0,52,43,99,1180,23,1323,-28360,47220,120,23580,7200,13020,27120
2024-03-08,2024,3,March,1,8,3169,1124,2045,8878,7124,2284,5531,34,28,40,166,44,43,1,46,32,99,1117,147,1439,-10877,37620,175,29400,10500,9720,21120
2024-03-09,2024,3,March,1,9,4084,2039,2045,9680,7572,2085,8273,35,18,43,156,45,48,1,48,35,99,974,274,1439,-13948,30660,191,27780,11460,5220,20400
2024-03-10,2024,3,March,1,10,2435,390,2045,9996,7464,2451,2806,39,12,44,155,45,51,1,29,22,89,1133,76,1377,13469,25680,168,42300,10080,7200,5520
2024-03-11,2024,3,March,1,11,2588,543,2045,10464,8388,3812,2306,45,21,38,178,45,41,1,31,21,95,1192,89,1440,21854,31740,159,39780,9540,13260,7620
2024-03-12,2024,3,March,1,12,2582,537,2045,12214,9305,4072,2504,56,12,41,145,45,44,1,42,28,99,1158,96,1390,-6326,36300,136,33180,8160,13020,17460
2024-03-13,2024,3,March,1,13,2567,592,1975,10803,8116,0,0,62,25,40,151,45,45,0,38,27,97,1120,113,1406,469,34245,179,33074,10751,12004,12784
2024-03-14,2024,3,March,1,14,3298,1253,2045,16392,14404,4928,7358,46,50,48,184,46,49,1,73,71,99,552,475,1244,-34453,31020,217,2100,13020,7260,21000
2024-03-15,2024,3,March,1,15,2403,358,2045,10083,7732,2594,2472,28,4,41,135,46,45,0,40,29,99,1112,114,1399,-6244,35820,173,30900,10380,14880,11520
2024-03-16,2024,3,March,1,16,2717,672,2045,11627,8610,3100,4639,54,30,40,162,46,44,1,35,23,96,1106,134,1434,10599,30180,194,36180,11640,14760,10860
2024-03-17,2024,3,March,1,17,2497,452,2045,10083,7121,3505,2186,57,2,40,139,45,47,0,41,29,98,1240,51,1432,-7047,40440,141,33960,8460,11160,16200
2024-03-18,2024,3,March,1,18,2747,702,2045,11986,8858,3549,4234,63,26,40,161,45,42,1,41,28,99,1117,135,1430,-4559,35520,178,31500,10680,12480,15720
2024-03-19,2024,3,March,1,19,3080,1035,2045,12274,11166,3571,4192,39,46,43,186,45,46,1,44,31,99,1126,137,1436,-10688,36360,173,31200,10380,11040,19080
2024-03-20,2024,3,March,1,20,2523,478,2045,8121,6112,2580,3034,42,3,42,143,46,46,0,48,38,99,1131,62,1309,-20493,41400,116,26460,6960,14760,19440
2024-03-21,2024,3,March,1,21,2593,548,2045,7609,5572,2729,1776,39,3,42,139,45,46,0,59,50,98,1255,53,1437,-42734,52560,129,22740,7740,11820,37140
2024-03-22,2024,3,March,1,22,3257,1212,2045,14654,13438,4506,5101,38,47,41,188,45,45,1,39,26,99,1095,155,1436,-2189,35100,186,30600,11160,13080,10440
2024-03-23,2024,3,March,1,23,2386,341,2045,8302,7156,1636,3003,6,6,45,137,46,49,0,47,39,99,1108,179,1440,-21127,42540,153,23940,9180,19740,12720
2024-03-24,2024,3,March,1,24,2336,291,2045,10005,7317,4177,668,64,0,41,119,46,47,0,32,23,93,1252,50,1440,11988,31920,138,43200,8280,12540,7200
2024-03-25,2024,3,March,1,25,2877,832,2045,12770,9786,4463,3703,64,40,41,174,46,46,1,38,25,98,1147,91,1437,1533,35520,199,33300,11940,13020,11760
2024-03-26,2024,3,March,1,26,2307,262,2045,5406,4147,1629,2546,18,1,41,131,46,43,0,44,34,99,1271,38,1435,-16361,45780,126,30480,7560,17400,15360
2024-03-27,2024,3,March,1,27,3075,1030,2045,10473,8000,2346,6188,55,28,40,152,45,42,1,43,28,100,1183,74,1439,-6250,36480,182,34500,10920,7140,22800
2024-03-28,2024,3,March,1,28,2998,953,2045,10149,7277,3182,3525,42,54,40,161,45,43,1,41,28,99,1195,81,1437,-5022,36660,161,35040,9660,10980,17820
2024-03-29,2024,3,March,1,29,2318,273,2045,5280,3992,1632,1718,20,2,41,138,45,45,0,47,36,99,1211,44,1341,-17708,43860,86,28800,5160,15960,21720
2024-03-30,2024,3,March,1,30,3678,1633,2045,17812,13885,897,18858,100,16,40,153,44,43,0,42,31,100,964,222,1440,-7928,28080,254,29760,15240,5520,15600
2024-03-31,2024,3,March,1,31,2302,257,2045,9905,8552,2771,2202,37,0,42,110,44,45,0,37,25,97,1217,69,1439,3426,32160,153,40860,9180,9960,14640
2024-04-01,2024,4,April,2,1,2678,633,2045,10256,7985,2858,3726,46,28,39,172,43,43,1,33,22,99,1146,123,1437,14841,31440,168,37320,10080,10560,10500
2024-04-02,2024,4,April,2,2,2745,700,2045,8740,6861,1912,4698,18,3,40,144,44,44,0,48,36,100,1185,118,1436,-17244,39360,133,31740,7980,5640,28500
2024-04-03,2024,4,April,2,3,2893,848,2045,10618,8082,2431,5074,40,4,46,141,44,47,0,49,43,100,1117,133,1438,-28067,48060,188,18960,11280,15360,15540
2024-04-04,2024,4,April,2,4,2418,373,2045,8105,6301,2179,3123,22,2,40,128,44,43,0,30,21,98,1180,100,1439,19803,31080,159,39720,9540,11940,6900
2024-04-05,2024,4,April,2,5,2866,821,2045,8309,6400,1810,4186,33,9,40,139,44,42,1,38,25,100,1133,160,1440,3363,34140,147,33840,8820,12600,12960
2024-04-06,2024,4,April,2,6,3295,1250,2045,14808,11610,858,15017,0,0,41,131,44,43,0,42,26,99,991,196,1440,-1916,28080,253,31380,15180,5280,18960
2024-04-07,2024,4,April,2,7,3059,1014,2045,11744,9991,3778,8359,43,54,43,177,44,48,1,37,25,99,1007,94,1342,3161,27120,241,33300,14460,8640,13140
2024-04-08,2024,4,April,2,8,2732,687,2045,8701,6679,2585,5096,40,42,41,168,44,44,1,31,22,95,1141,99,1414,13454,31320,174,37140,10440,11280,5580
2024-04-09,2024,4,April,2,9,2594,549,2045,11593,8974,2970,3336,45,10,41,163,45,46,1,35,24,99,1162,98,1426,5453,32760,166,36960,9960,12720,9060
2024-04-10,2024,4,April,2,10,2700,655,2045,10476,10177,2794,3552,5,36,39,178,44,41,1,35,24,99,1175,119,1435,6946,33540,141,36960,8460,10200,10620
2024-04-11,2024,4,April,2,11,2928,883,2045,11112,10610,3738,6546,25,35,41,168,44,44,1,33,24,99,1157,93,1438,8014,31740,188,37680,11280,8640,7620
2024-04-12,2024,4,April,2,12,2591,546,2045,10448,6933,3342,2915,52,8,40,143,44,44,0,32,22,99,1088,176,1426,13127,25560,162,39720,9720,4620,11700
2024-04-13,2024,4,April,2,13,2838,793,2045,11867,10331,2091,5730,18,55,43,161,45,48,1,38,28,94,1107,112,1437,-5560,34380,218,32040,13080,12540,8760
2024-04-14,2024,4,April,2,14,2480,435,2045,10571,8191,2973,2988,42,3,41,143,44,44,0,44,31,98,1213,74,1439,-10361,40680,152,32100,9120,11880,21060
2024-04-15,2024,4,April,2,15,3025,980,2045,13095,12413,3805,4037,18,53,40,186,44,42,1,36,24,99,1100,109,1378,7555,32160,169,33840,10140,12780,11340
2024-04-16,2024,4,April,2,16,2966,921,2045,10688,8329,3135,6415,54,44,40,155,44,44,1,40,26,98,1088,65,1345,-2031,35700,192,29580,11520,14760,12060
2024-04-17,2024,4,April,2,17,3291,1246,2045,12384,11938,4926,3767,9,44,40,184,44,43,1,39,25,100,1123,151,1435,1891,34080,161,33300,9660,11760,13440
2024-04-18,2024,4,April,2,18,2620,575,2045,10360,8138,4273,4847,48,4,44,139,45,48,0,39,30,98,1137,68,1377,-8416,37620,172,30600,10320,12000,10200
2024-04-19,2024,4,April,2,19,3424,1379,2045,16443,14353,2872,11956,20,27,41,142,45,43,1,46,32,99,1015,183,1440,-9802,36240,242,24660,14520,13800,17220
2024-04-20,2024,4,April,2,20,2871,826,2045,10269,8081,904,9396,7,4,42,139,44,45,0,35,24,99,1059,192,1440,7941,28320,189,35220,11340,7560,12180
2024-04-21,2024,4,April,2,21,2648,603,2045,10573,9762,2933,2121,2,28,38,158,44,41,1,29,20,99,1161,124,1440,23489,25920,155,43740,9300,10320,7500
2024-04-22,2024,4,April,2,22,2655,610,2045,13180,12736,3912,1592,6,43,38,147,44,43,1,31,22,95,1089,95,1331,15924,29100,147,36240,8820,9240,6960
2024-04-23,2024,4,April,2,23,2757,712,2045,10967,8570,3377,4309,39,35,37,157,44,43,1,32,23,97,1139,81,1393,10770,32460,173,35880,10380,11580,4980
2024-04-24,2024,4,April,2,24,3254,1209,2045,18592,18065,6148,3876,22,69,38,183,43,40,1,33,22,99,1135,107,1435,14292,29700,193,38400,11580,11940,9840
2024-04-25,2024,4,April,2,25,2788,743,2045,7819,6298,2394,5243,31,22,40,148,43,43,1,40,25,99,1148,140,1432,277,35940,144,32940,8640,14580,15000
2024-04-26,2024,4,April,2,26,3004,959,2045,17260,15316,4671,4642,14,57,39,169,42,42,1,46,35,96,1066,131,1438,-14613,40860,241,23100,14460,18180,14700
2024-04-27,2024,4,April,2,27,2084,39,2045,5028,3900,931,893,0,0,41,100,42,45,0,29,22,93,1193,103,1440,16355,30000,144,41580,8640,11100,3780
2024-04-28,2024,4,April,2,28,2995,950,2045,11292,9506,3247,8328,80,29,38,147,43,42,1,31,21,99,1097,119,1440,17421,26400,224,39420,13440,9240,8820
2024-04-29,2024,4,April,2,29,3115,1070,2045,15439,14681,4347,3351,31,64,39,177,43,45,1,26,20,95,1083,177,1438,22277,24300,178,40680,10680,6780,3060
2024-04-30,2024,4,April,2,30,2953,908,2045,13529,10142,3964,5567,76,42,41,159,43,44,1,34,24,98,1058,98,1352,7723,29580,196,33900,11760,11940,7500
2024-05-01,2024,5,May,2,1,3521,1476,2045,22257,21849,6699,3787,29,88,41,181,44,44,1,38,26,98,1015,204,1438,-2476,32520,219,28380,13140,16320,5580
2024-05-02,2024,5,May,2,2,2730,685,2045,8758,7061,3285,3942,48,22,41,153,44,46,1,42,33,99,1005,238,1385,-11229,36780,142,23520,8520,11460,11580
2024-05-03,2024,5,May,2,3,3152,1107,2045,12032,9049,2075,8716,42,1,43,143,44,45,0,52,45,99,1006,236,1438,-26901,42480,196,17880,11760,17520,16200
2024-05-04,2024,5,May,2,4,2957,912,2045,15463,12100,1160,12870,0,0,48,122,45,48,0,58,55,99,914,261,1440,-36325,44520,265,10320,15900,14040,18180
2024-05-05,2024,5,May,2,5,2100,55,2045,4298,3375,975,1145,0,0,43,105,45,45,0,28,22,93,1061,271,1439,16308,25500,107,38160,6420,7980,4080
2024-05-06,2024,5,May,2,6,2584,539,2045,10261,10195,2473,1652,6,38,33,178,44,35,1,20,16,94,1121,178,1437,42156,15180,138,52080,8280,5640,2820
2024-05-07,2024,5,May,2,7,2419,374,2045,9620,7093,3537,1591,61,5,36,133,43,37,0,32,22,96,1210,95,1436,17912,36660,131,35940,7860,19320,3240
2024-05-08,2024,5,May,2,8,2884,839,2045,12395,12146,3030,3375,16,44,40,185,43,43,1,38,25,99,1083,216,1439,3119,32640,140,32340,8400,13440,11160
2024-05-09,2024,5,May,2,9,3213,1168,2045,19967,15560,799,15194,9,8,44,148,43,46,0,56,49,98,969,218,1439,-31399,36900,252,21240,15120,7260,27840
2024-05-10,2024,5,May,2,10,2276,231,2045,5617,4440,682,2925,0,0,43,125,43,46,0,44,38,97,877,193,1293,-15511,36900,223,15720,13380,15060,7320
2024-05-11,2024,5,May,2,11,2294,249,2045,12987,10046,223,6359,0,0,38,112,42,41,0,28,20,97,1086,178,1439,22236,24120,175,41040,10500,8520,6780
2024-05-12,2024,5,May,2,12,2587,542,2045,12454,10529,4387,1909,36,18,31,175,41,39,1,25,17,99,1060,198,1437,35453,19440,179,44160,10740,6600,7800
2024-05-13,2024,5,May,2,13,2190,145,2045,6079,4815,1299,1315,0,0,39,108,42,44,0,33,24,96,1125,202,1440,6779,35100,113,32400,6780,13860,4200
2024-05-14,2024,5,May,2,14,3186,1141,2045,13037,12916,3238,4018,13,76,33,190,43,40,1,36,24,97,1127,151,1437,7249,36960,159,30660,9540,17820,7020
2024-05-15,2024,5,May,2,15,2360,315,2045,8702,6394,2286,2850,36,3,39,143,43,45,0,38,25,99,1221,87,1439,1817,37680,131,35580,7860,14340,11580
2024-05-16,2024,5,May,2,16,2221,176,2045,6028,4541,1772,1344,13,0,40,122,43,44,0,35,25,97,1268,76,1437,1907,38700,93,37380,5580,13620,7740
2024-05-17,2024,5,May,2,17,2514,469,2045,4384,3436,538,2981,6,19,38,148,42,41,1,37,24,99,1232,116,1440,8331,37500,92,36420,5520,16140,11640
2024-05-18,2024,5,May,2,18,2800,755,2045,7696,6016,299,7195,33,29,40,167,42,43,1,41,28,96,1065,123,1329,-5569,33900,141,30000,8460,12540,14820
2024-05-19,2024,5,May,2,19,2214,169,2045,5043,4009,434,2809,0,0,43,119,43,45,0,44,39,96,1237,63,1440,-22925,50280,140,23940,8400,22860,8580
2024-05-20,2024,5,May,2,20,3140,1095,2045,12812,12452,2925,5462,19,44,38,187,43,40,1,30,21,99,1101,140,1439,21451,28440,198,37620,11880,8640,8400
2024-05-21,2024,5,May,2,21,2875,830,2045,10350,8079,3205,4470,67,31,39,168,43,44,1,38,25,99,1059,144,1366,2134,33960,163,29580,9780,12240,11340
2024-05-22,2024,5,May,2,22,2784,739,2045,12601,12328,3049,2756,21,44,38,181,43,42,1,37,24,95,1144,134,1404,5282,34500,126,34140,7560,11220,13080
2024-05-23,2024,5,May,2,23,3130,1085,2045,10945,8493,393,10666,88,42,39,165,43,44,1,32,23,99,1120,116,1439,12460,30120,203,37080,12180,11400,7500
2024-05-24,2024,5,May,2,24,2131,86,2045,3997,3154,472,1322,0,0,42,113,44,47,0,29,23,99,1298,54,1440,14528,27060,88,50820,5280,8040,6240
2024-05-25,2024,5,May,2,25,2262,217,2045,8152,5798,1671,2968,29,0,38,115,43,41,0,26,20,92,1191,61,1375,24830,28500,123,42960,7380,9300,2760
2024-05-26,2024,5,May,2,26,2274,229,2045,8969,6611,1672,3099,26,0,39,109,43,42,0,28,22,93,1205,105,1431,16110,31260,121,41040,7260,9660,2880
2024-05-27,2024,5,May,2,27,2817,772,2045,11491,9970,2153,5241,19,42,38,179,43,39,1,28,21,98,1088,133,1437,20889,24000,216,41280,12960,8040,6660
2024-05-28,2024,5,May,2,28,3028,983,2045,13897,11521,5434,4862,56,42,40,168,42,42,1,39,25,100,1014,155,1369,2044,30960,200,29880,12000,13920,11640
2024-05-29,2024,5,May,2,29,2632,587,2045,6606,5138,419,5775,0,0,40,129,43,43,0,43,29,99,1217,52,1438,-7497,39360,169,33660,10140,11580,18780
2024-05-30,2024,5,May,2,30,2666,621,2045,7219,6182,1830,4392,31,2,40,135,43,44,0,42,31,99,1226,80,1437,-10388,45360,131,28200,7860,17160,13140
2024-05-31,2024,5,May,2,31,2779,734,2045,9670,7221,2731,3830,47,34,40,158,42,43,1,39,25,96,1171,104,1437,142,36780,162,33480,9720,14520,13200
2024-06-01,2024,6,June,2,1,2288,243,2045,8042,6055,2963,1141,30,2,40,133,42,44,0,26,20,94,1254,45,1440,26425,25800,141,49440,8460,9060,3960
2024-06-02,2024,6,June,2,2,3013,968,2045,15334,13849,5225,3435,32,46,39,177,43,44,1,35,23,98,1119,107,1440,12304,29700,214,37440,12840,8640,13500
2024-06-03,2024,6,June,2,3,2337,292,2045,9584,6656,2585,3162,39,1,41,132,43,44,0,36,25,94,1217,73,1440,-427,36540,150,36480,9000,17460,5700
2024-06-04,2024,6,June,2,4,2808,763,2045,13751,12633,4818,1843,24,41,38,180,43,41,1,35,23,98,1126,116,1419,9057,32640,177,34920,10620,12600,8940
2024-06-05,2024,6,June,2,5,2906,861,2045,13009,12099,6879,2749,11,42,40,174,43,43,1,45,34,98,1102,75,1367,-13163,38580,190,27540,11400,15120,16260
2024-06-06,2024,6,June,2,6,2672,627,2045,9421,8994,4075,2544,17,30,41,182,44,46,1,36,25,99,1272,38,1426,2794,36360,116,39960,6960,13200,12300
2024-06-07,2024,6,June,2,7,2343,298,2045,7072,5198,2737,1158,40,4,42,146,44,46,0,36,25,96,1282,53,1438,2494,39180,103,37740,6180,17340,7680
2024-06-08,2024,6,June,2,8,3401,1356,2045,19736,18132,4694,6543,7,66,40,182,44,42,1,36,23,97,987,196,1398,8931,22680,215,36540,12900,2580,16380
2024-06-09,2024,6,June,2,9,2106,61,2045,2787,2169,857,2093,0,0,43,101,44,46,0,24,20,96,1316,33,1431,30805,20220,82,58740,4920,7380,3180
2024-06-10,2024,6,June,2,10,2950,900,2050,11619,8928,2976,6055,57,38,39,163,44,43,1,41,25,99,1128,103,1439,-676,34080,208,33600,12480,12360,17100
2024-06-11,2024,6,June,2,11,2735,685,2050,12533,11597,3778,2870,5,23,40,171,44,43,1,53,44,99,1084,63,1300,-27777,44340,153,20700,9180,10200,26280
2024-06-12,2024,6,June,2,12,3119,1069,2050,11619,10555,2484,5974,11,64,38,170,44,42,1,43,29,99,1100,127,1425,-6957,38040,198,27960,11880,14820,16380
2024-06-13,2024,6,June,2,13,3131,1081,2050,13099,11741,3281,5712,13,58,42,170,44,45,1,41,29,99,1010,147,1363,-6485,33660,206,26940,12360,15360,9000
2024-06-14,2024,6,June,2,14,2590,540,2050,9941,7362,3777,1888,32,31,39,153,43,42,1,37,25,96,1194,99,1435,4159,36180,142,35460,8520,14820,10740
2024-06-15,2024,6,June,2,15,3087,1037,2050,19391,18121,5896,2811,5,62,38,171,43,41,1,37,25,99,1091,94,1419,2833,33780,234,31680,14040,13680,10980
2024-06-16,2024,6,June,2,16,2448,398,2050,9737,7266,3748,1665,51,2,41,125,43,45,0,31,22,99,1184,102,1437,16810,24720,151,46320,9060,6000,11400
2024-06-17,2024,6,June,2,17,2936,886,2050,13212,9832,3997,5215,76,29,38,148,43,42,1,49,34,99,1139,101,1435,-14135,41040,195,27300,11700,11520,27060
2024-06-18,2024,6,June,2,18,3101,1051,2050,15867,14138,3731,6232,12,46,41,180,43,47,1,48,40,99,1084,114,1437,-22129,43860,239,21180,14340,15120,16020
2024-06-19,2024,6,June,2,19,2813,763,2050,14502,12999,3219,3930,2,41,38,172,44,46,1,33,23,99,1175,99,1440,12311,29100,166,41400,9960,4980,12420
2024-06-20,2024,6,June,2,20,2608,558,2050,12514,10766,3085,2691,34,26,42,169,44,47,1,42,31,98,1159,98,1429,-10363,39720,172,29820,10320,17820,12480
2024-06-21,2024,6,June,2,21,3295,1245,2050,10547,8216,468,12811,46,23,39,162,44,43,1,39,24,100,1099,138,1440,4986,32040,203,33900,12180,10080,16320
2024-06-22,2024,6,June,2,22,3483,1433,2050,18903,16901,4546,7478,25,72,43,165,45,48,1,43,32,99,1050,105,1384,-10829,32820,229,30180,13740,5340,18480
2024-06-23,2024,6,June,2,23,3551,1501,2050,11125,8662,596,12941,21,21,40,151,45,43,1,44,29,99,1041,167,1440,-6210,33240,232,29220,13920,9540,18960
2024-06-24,2024,6,June,2,24,2497,447,2050,9265,6901,2921,2115,49,3,39,130,46,45,0,44,35,98,1222,70,1435,-16951,46980,143,26340,8580,16320,13860
2024-06-25,2024,6,June,2,25,3089,1039,2050,13743,12196,3960,4291,41,54,38,174,45,42,1,36,23,99,1117,117,1439,8542,33120,205,33900,12300,12180,10380
2024-06-26,2024,6,June,2,26,3055,1005,2050,14566,13359,3234,5332,3,35,40,178,45,44,1,53,40,99,1172,96,1437,-24782,46020,169,24300,10140,14280,27240
2024-06-27,2024,6,June,2,27,2599,549,2050,10684,9522,3635,1057,3,28,40,164,44,42,1,36,27,98,1252,51,1439,-3404,43500,136,31620,8160,15540,4440
2024-06-28,2024,6,June,2,28,2221,171,2050,5571,4234,443,2431,13,0,39,112,44,42,0,40,25,98,1189,115,1437,285,36600,133,34740,7980,13320,16860
2024-06-29,2024,6,June,2,29,2792,742,2050,19810,12552,1450,11793,99,7,38,130,43,40,0,27,20,95,1075,93,1436,22082,22200,268,42300,16080,9540,4080
2024-06-30,2024,6,June,2,30,2908,858,2050,10817,8094,2724,5510,43,29,38,148,42,42,1,38,24,99,1059,124,1398,7658,26760,215,36780,12900,4920,18360
2024-07-01,2024,7,July,3,1,3149,1099,2050,12778,9491,3152,6304,65,46,41,153,42,45,1,41,33,99,1101,116,1399,-12480,41460,182,24600,10920,13500,9600
2024-07-02,2024,7,July,3,2,2684,634,2050,9681,8872,2324,2432,1,33,39,169,42,42,1,49,40,99,1175,76,1366,-22938,48480,115,22020,6900,21120,16320
2024-07-03,2024,7,July,3,3,3336,1286,2050,15923,14714,4105,5276,8,77,40,178,43,45,1,52,41,99,1139,92,1440,-24914,45780,209,22560,12540,18120,23760
2024-07-04,2024,7,July,3,4,2828,778,2050,13278,11958,2608,4954,4,28,41,186,43,45,1,35,24,99,1080,131,1438,7063,26940,227,37860,13620,11400,10380
2024-07-05,2024,7,July,3,5,3282,1232,2050,12169,9515,1024,13205,33,21,33,146,43,45,1,37,24,99,1015,184,1440,5408,26700,241,34200,14460,8220,14040
2024-07-06,2024,7,July,3,6,3348,1298,2050,24742,22958,6297,3811,5,91,40,174,44,44,1,31,22,98,1043,117,1428,15596,22380,268,40200,16080,7440,8400
2024-07-07,2024,7,July,3,7,2197,147,2050,8065,6238,865,2856,0,0,38,112,44,43,0,32,21,96,1144,119,1438,19972,28440,175,40200,10500,9240,12780
2024-07-08,2024,7,July,3,8,2396,346,2050,9904,7336,4136,920,64,2,39,134,44,41,0,31,22,93,1151,60,1355,16358,31320,144,37740,8640,11700,6780
2024-07-09,2024,7,July,3,9,2835,785,2050,10434,10046,2799,3220,9,28,39,187,43,40,1,47,34,99,1178,112,1437,-14493,43980,147,26700,8820,12900,23940
2024-07-10,2024,7,July,3,10,3362,1328,2034,15615,14376,4076,5513,21,71,39,177,43,43,1,43,31,99,1083,143,1438,-10016,38940,212,26040,12720,16440,12960
2024-07-11,2024,7,July,3,11,2892,858,2034,21148,17329,4908,6590,32,31,40,154,43,44,1,35,25,91,1045,141,1431,2886,32880,245,29820,14700,15000,5280
2024-07-12,2024,7,July,3,12,2920,886,2034,12553,9955,1399,8219,16,8,40,136,43,43,0,38,24,100,1068,185,1436,7018,31020,183,33060,10980,12900,12900
2024-07-13,2024,7,July,3,13,2671,637,2034,11213,8857,1451,7454,6,23,42,147,43,46,1,38,32,99,1103,149,1439,-10852,40680,187,25500,11220,8460,6780
2024-07-14,2024,7,July,3,14,2992,958,2034,17124,15994,4367,3233,3,61,37,168,42,40,1,29,19,99,1118,106,1397,28273,24240,173,42840,10380,7080,11040
2024-07-15,2024,7,July,3,15,2737,703,2034,10989,8330,2779,5249,56,36,35,162,43,43,1,34,24,98,1153,98,1440,6736,33900,189,35280,11340,14700,6360
2024-07-16,2024,7,July,3,16,2798,764,2034,12003,10802,2635,4141,20,51,41,172,43,43,1,38,26,95,1159,104,1438,-2173,39600,175,29940,10500,17400,7440
2024-07-17,2024,7,July,3,17,3432,1398,2034,16603,15413,4212,5479,0,57,40,176,43,43,1,54,42,99,1113,92,1367,-25070,42900,162,23880,9720,10260,30000
2024-07-18,2024,7,July,3,18,2406,372,2034,9118,7336,3934,2003,46,0,43,122,44,47,0,43,38,96,1276,30,1436,-22488,55380,130,21180,7800,19740,7800
2024-07-19,2024,7,July,3,19,2182,148,2034,3337,2588,467,1829,0,0,40,119,44,43,0,39,25,97,1283,59,1434,3510,40380,92,36600,5520,18000,14940
2024-07-20,2024,7,July,3,20,3632,1598,2034,16559,12944,741,18338,99,35,44,147,44,47,1,47,40,99,941,230,1438,-19097,36900,267,19560,16020,13260,12720
2024-07-21,2024,7,July,3,21,2829,795,2034,13823,13199,3556,4037,16,33,39,190,44,42,1,34,22,99,1068,180,1440,16408,26160,192,37920,11520,5940,14700
2024-07-22,2024,7,July,3,22,2372,338,2034,8071,6249,2517,2320,45,3,39,136,44,43,0,34,23,96,1224,73,1423,11327,34860,126,38580,7560,14940,8760
2024-07-23,2024,7,July,3,23,3022,988,2034,14363,12193,3563,5737,37,61,39,173,44,42,1,38,25,96,1117,105,1439,1450,36240,217,30780,13020,16440,9720
2024-07-24,2024,7,July,3,24,3157,1123,2034,17133,16001,5130,3086,17,69,39,170,44,44,1,46,32,98,1127,91,1440,-11315,39240,222,28380,13320,11160,21420
2024-07-25,2024,7,July,3,25,2949,915,2034,12488,10948,3774,2997,3,33,40,167,44,45,1,45,34,100,1103,143,1430,-12848,38940,184,27240,11040,13860,16200
2024-07-26,2024,7,July,3,26,2562,528,2034,6584,5093,1002,4364,2,9,41,131,44,43,1,39,25,100,1115,150,1440,-1064,36060,175,30840,10500,13380,11880
2024-07-27,2024,7,July,3,27,2582,548,2034,8247,6419,2067,2981,37,6,40,134,43,42,0,33,22,100,1208,90,1433,14327,29400,135,43080,8100,9840,12780
2024-07-28,2024,7,July,3,28,3421,1387,2034,14526,11295,549,15895,10,13,38,145,43,41,0,27,18,99,978,205,1403,27700,18120,220,40560,13200,3480,10140
2024-07-29,2024,7,July,3,29,2626,592,2034,9042,6990,1828,4068,47,25,39,158,43,42,1,26,21,97,1215,85,1429,23538,25140,129,47760,7740,8460,2580
2024-07-30,2024,7,July,3,30,2918,884,2034,11042,9781,2853,3504,12,62,39,162,43,42,1,35,24,98,1169,98,1433,5739,35040,166,35100,9960,13980,8940
2024-07-31,2024,7,July,3,31,3147,1113,2034,19209,17951,4932,4033,7,67,40,167,42,42,1,43,31,99,1138,87,1439,-9357,42600,214,25680,12840,19980,11700
2024-08-01,2024,8,August,3,1,2672,638,2034,15550,13475,3855,3148,6,26,40,167,43,46,1,43,33,95,1149,103,1438,-13100,41160,186,27780,11160,18600,12900
2024-08-02,2024,8,August,3,2,2806,772,2034,10956,8261,2464,5124,65,25,39,149,43,43,1,41,27,99,1195,69,1435,-4026,37920,171,33780,10260,12840,16380
2024-08-03,2024,8,August,3,3,2659,625,2034,8305,6112,3185,3440,31,5,41,128,43,44,0,40,25,99,1099,48,1292,-613,33000,145,32940,8700,11400,14820
2024-08-04,2024,8,August,3,4,2361,327,2034,6933,5013,2698,1071,32,1,41,142,43,43,0,39,25,99,1282,40,1437,57,38820,115,38100,6900,10380,16260
2024-08-05,2024,8,August,3,5,2986,952,2034,12248,9022,3217,4955,63,46,38,157,43,42,1,29,21,99,1126,135,1435,20217,29040,174,38520,10440,11100,4740
2024-08-06,2024,8,August,3,6,2840,806,2034,12988,10998,4416,2285,40,35,40,177,44,45,1,39,25,99,1085,186,1432,555,33600,161,31500,9660,15540,10920
2024-08-07,2024,8,August,3,7,2818,784,2034,13634,12234,3732,3219,34,39,42,186,44,45,1,41,29,97,1200,81,1425,-7383,39840,144,32160,8640,15840,13980
2024-08-08,2024,8,August,3,8,2634,600,2034,3301,2553,358,2419,8,40,41,147,44,48,1,42,34,99,1238,85,1439,-14482,45120,116,29160,6960,22620,7860
2024-08-09,2024,8,August,3,9,2956,922,2034,12230,9044,3664,5487,84,35,41,159,45,45,1,37,24,99,1126,109,1428,4528,33540,193,34020,11580,14400,9960
2024-08-10,2024,8,August,3,10,2347,313,2034,7136,5476,2164,1836,28,2,40,141,45,45,0,37,25,99,1237,59,1437,2307,36960,141,37260,8460,13980,11160
2024-08-11,2024,8,August,3,11,2542,508,2034,10297,7849,2899,3847,41,8,38,136,44,41,0,26,19,97,1068,125,1364,28960,22200,171,41880,10260,7980,6540
2024-08-12,2024,8,August,3,12,2802,768,2034,13395,10072,5243,3939,79,27,38,167,44,42,1,28,21,97,1162,89,1436,21323,28800,185,40920,11100,9900,3720
2024-08-13,2024,8,August,3,13,3366,1332,2034,15028,12945,3285,6469,22,60,38,166,44,43,1,39,25,100,1087,114,1438,-908,35040,237,30180,14220,8280,13740
2024-08-14,2024,8,August,3,14,2884,850,2034,16768,14279,6348,2082,52,32,38,171,43,40,1,34,24,99,1134,57,1377,6411,34500,186,33540,11160,13320,5640
2024-08-15,2024,8,August,3,15,2663,629,2034,13349,11731,4947,1646,32,26,38,163,42,40,1,29,21,97,1212,43,1401,19952,32820,146,39900,8760,11700,3300
2024-08-16,2024,8,August,3,16,3156,1122,2034,10684,8300,2376,7954,55,44,38,169,42,40,1,39,25,99,1056,141,1401,2930,33840,204,29520,12240,12600,12360
2024-08-17,2024,8,August,3,17,3305,1271,2034,19767,17589,5557,5402,3,62,39,160,41,42,1,49,37,99,1016,136,1424,-16524,35220,272,25740,16320,8760,23340
2024-08-18,2024,8,August,3,18,3284,1250,2034,9378,7272,2536,9935,34,38,39,151,41,42,1,25,17,99,1023,126,1391,34229,16560,242,44820,14520,5520,7680
2024-08-19,2024,8,August,3,19,2314,280,2034,8542,6681,3548,2943,48,0,40,131,41,42,0,22,18,95,1263,44,1435,38934,19500,128,56280,7680,8340,1440
2024-08-20,2024,8,August,3,20,2819,785,2034,15004,12785,3259,4744,20,41,38,160,41,41,1,33,22,99,1037,159,1437,12398,29160,241,33060,14460,13080,6960
2024-08-21,2024,8,August,3,21,2691,657,2034,15580,13391,4875,2385,40,25,36,165,41,39,1,33,23,97,1170,75,1436,11824,34020,191,36180,11460,14100,6420
2024-08-22,2024,8,August,3,22,2708,674,2034,13296,11651,4070,2597,36,31,37,178,41,39,1,36,23,99,1168,97,1438,12798,31860,173,38220,10380,11460,15060
2024-08-23,2024,8,August,3,23,2896,862,2034,12964,9936,3648,5571,86,29,37,148,41,41,1,34,22,99,1137,111,1439,13904,31440,191,36780,11460,11400,10620
2024-08-24,2024,8,August,3,24,3007,973,2034,16991,16710,5641,1544,7,59,38,182,41,42,1,31,22,95,1141,87,1412,16633,28980,184,39480,11040,11700,6600
2024-08-25,2024,8,August,3,25,2498,464,2034,10506,8099,4716,3387,48,3,39,146,41,43,0,36,23,98,1146,20,1357,10052,31080,191,37680,11460,12540,12660
2024-08-26,2024,8,August,3,26,2894,860,2034,11927,8922,4354,5751,64,39,38,165,41,40,1,36,24,99,1172,85,1434,4587,34680,177,35640,10620,16920,9060
2024-08-27,2024,8,August,3,27,2909,875,2034,14685,12523,3518,5275,51,48,39,155,41,42,1,41,28,97,1141,83,1435,-5537,39780,211,28680,12660,18060,11520
2024-08-28,2024,8,August,3,28,2918,884,2034,17400,14711,6325,1159,32,46,37,162,41,40,1,36,24,99,1167,73,1436,5950,36660,196,33360,11760,15780,7920
2024-08-29,2024,8,August,3,29,2904,870,2034,11740,10826,3176,3388,23,46,39,184,41,41,1,32,22,99,1168,97,1436,16062,30660,171,39420,10260,14340,7920
2024-08-30,2024,8,August,3,30,2805,771,2034,10913,8502,2296,5484,44,41,40,149,42,43,1,35,24,99,1108,114,1387,7299,27660,165,38820,9900,10560,10440
2024-08-31,2024,8,August,3,31,3020,986,2034,16293,14417,5334,3467,8,53,40,174,42,43,1,45,32,99,1131,93,1408,-11504,37740,184,30120,11040,12120,21540
2024-09-01,2024,9,September,3,1,2684,650,2034,8709,6863,2243,3581,35,33,40,158,42,44,1,43,29,96,1187,68,1420,-7060,35940,165,35280,9900,12840,19260
2024-09-02,2024,9,September,3,2,3885,1851,2034,12795,10495,2215,9838,27,97,41,180,43,46,1,48,36,99,1010,189,1439,-15654,35160,240,25440,14400,8460,20700
2024-09-03,2024,9,September,3,3,2633,599,2034,11582,9977,3362,2260,25,30,41,167,43,46,1,38,26,99,1235,75,1437,-2670,38940,127,35160,7620,15720,10860
2024-09-04,2024,9,September,3,4,2829,795,2034,16638,14780,5328,2470,7,34,40,165,44,43,1,39,28,98,1158,66,1438,-4212,39960,214,29520,12840,18240,9360
2024-09-05,2024,9,September,3,5,2759,725,2034,11215,10484,3836,1954,25,33,39,185,44,43,1,36,24,99,1257,50,1436,5822,37740,129,37680,7740,13740,12240
2024-09-06,2024,9,September,3,6,2355,321,2034,5610,4706,2675,2400,20,3,39,136,44,42,0,39,26,96,1244,68,1431,-2314,36120,119,38520,7140,11100,17160
2024-09-07,2024,9,September,3,7,3185,1151,2034,19703,19520,5741,1432,9,80,36,178,43,39,1,9,9,51,634,14,1439,40857,900,791,37140,47460,60,12784
2024-09-08,2024,9,September,3,8,2155,121,2034,5168,3997,785,1547,0,0,38,97,43,45,0,30,21,92,131,9,1275,2193,3360,1135,4500,68100,1800,420
2024-09-09,2024,9,September,3,9,2934,900,2034,11320,8566,3381,6055,55,38,37,166,43,41,1,37,24,99,1164,106,1434,5859,35400,164,34440,9840,13380,13500
2024-09-10,2024,9,September,3,10,2768,734,2034,13741,12018,4777,1241,33,43,38,166,42,42,1,39,27,95,1196,65,1439,-3649,41700,178,30060,10680,20280,8460
2024-09-11,2024,9,September,3,11,3588,1554,2034,15281,13967,4095,5692,21,84,37,163,42,41,1,45,31,99,1071,159,1437,-8524,38580,207,25680,12420,14040,17100
2024-09-12,2024,9,September,3,12,2784,750,2034,8254,7854,1962,2236,6,30,38,173,42,41,1,35,24,100,1174,152,1440,8732,33960,114,36480,6840,10740,10500
2024-09-13,2024,9,September,3,13,2543,509,2034,7153,5499,2370,2164,34,7,40,131,42,42,0,42,30,99,1254,64,1438,-8464,43440,120,31800,7200,17580,14160
2024-09-14,2024,9,September,3,14,3855,1821,2034,26800,25585,8448,3016,9,122,39,175,42,42,1,47,34,99,1099,98,1436,-13403,36000,239,29940,14340,8700,24180
2024-09-15,2024,9,September,3,15,3205,1171,2034,8035,6287,506,10534,3,12,40,141,42,43,1,36,23,100,1043,219,1439,8537,23340,177,39240,10620,4680,15480
2024-09-16,2024,9,September,3,16,2084,50,2034,4067,3243,928,817,0,0,40,101,42,42,0,32,23,96,1266,69,1440,9583,33720,105,42240,6300,12060,6840
2024-09-17,2024,9,September,3,17,2723,689,2034,10096,9292,2252,3513,14,28,39,175,42,42,1,31,22,99,1212,89,1438,17305,30480,137,42240,8220,9960,9240
2024-09-18,2024,9,September,3,18,3227,1193,2034,16624,15280,3825,5809,4,58,39,181,42,42,1,50,38,99,997,162,1389,-17717,33120,230,26700,13800,5100,25740
2024-09-19,2024,9,September,3,19,2716,682,2034,13743,11893,4869,1723,38,28,43,163,43,46,1,42,35,99,1213,76,1437,-17562,46680,148,26100,8880,20100,8160
2024-09-20,2024,9,September,3,20,2610,576,2034,6224,4817,1899,2569,31,5,39,134,43,43,0,38,25,99,1262,49,1408,3516,40080,97,35640,5820,14580,12180
2024-09-21,2024,9,September,3,21,3387,1353,2034,18304,16915,5713,4201,14,67,41,172,43,45,1,50,40,99,1132,90,1420,-22344,42420,198,25500,11880,11760,23400
2024-09-22,2024,9,September,3,22,3619,1585,2034,12454,9689,1197,13278,44,20,41,145,43,44,0,33,22,99,1007,228,1439,14092,21300,204,39120,12240,6120,11160
2024-09-23,2024,9,September,3,23,2684,650,2034,9909,8801,2604,2383,1,36,41,163,44,44,1,49,41,99,1214,101,1438,-26271,51540,123,21300,7380,22080,15780
2024-09-24,2024,9,September,3,24,3477,1443,2034,23001,20667,6547,5438,7,82,39,173,44,43,1,40,26,98,1030,109,1407,-2058,36780,268,25020,16080,18360,8460
2024-09-25,2024,9,September,3,25,2590,556,2034,12861,11114,3985,1565,22,28,42,153,45,48,1,38,33,97,1212,74,1435,-12877,44160,149,28560,8940,14760,5160
2024-09-26,2024,9,September,3,26,2569,535,2034,5109,4025,260,4012,7,35,39,154,44,41,1,35,23,98,1206,99,1440,10724,37020,135,35340,8100,13560,11220
2024-09-27,2024,9,September,3,27,3595,1561,2034,25289,23328,7429,3707,7,116,39,167,44,41,1,40,25,99,1097,104,1440,99,30060,239,35760,14340,8460,18600
2024-09-28,2024,9,September,3,28,3743,1709,2034,17726,14309,1648,18633,27,34,38,152,43,42,1,40,25,99,912,222,1440,1060,26340,306,28380,18360,5580,16260
2024-09-29,2024,9,September,3,29,2947,913,2034,13555,10514,749,12093,1,1,40,128,43,42,0,38,25,99,873,189,1440,1675,25980,378,26400,22680,9420,10620
2024-09-30,2024,9,September,3,30,2141,281,1860,11966,9304,2729,2097,9,0,40,151,43,43,0,-2,-2,97,1120,113,1317,469,34245,1317,33074,79020,12004,12784
2024-10-01,2024,10,October,4,1,2358,324,2034,9196,6867,2432,2960,39,0,40,122,43,46,0,36,29,98,668,59,870,-3732,23700,143,16380,8580,7080,2640
2024-10-02,2024,10,October,4,2,3031,997,2034,18179,16428,5837,2349,23,57,39,170,42,41,1,31,21,99,1163,85,1439,20747,30600,191,39180,11460,12120,8820
2024-10-03,2024,10,October,4,3,3735,1701,2034,19320,16900,2890,15562,19,32,41,183,43,44,1,41,25,100,943,226,1438,1060,24060,269,32520,16140,1440,21180
2024-10-04,2024,10,October,4,4,2514,480,2034,9293,7179,3608,2829,38,4,42,132,44,46,0,38,28,99,1217,81,1432,-5375,40680,134,32340,8040,16440,7800
2024-10-05,2024,10,October,4,5,3813,1779,2034,31469,29111,8884,4549,3,120,38,158,43,41,1,35,22,99,1054,99,1439,12208,27420,286,35820,17160,9660,12180
2024-10-06,2024,10,October,4,6,2555,521,2034,3724,2897,348,2521,5,24,39,154,44,43,1,35,23,98,1265,89,1440,9616,36840,86,39060,5160,14940,9480
2024-10-07,2024,10,October,4,7,2591,557,2034,8460,6504,2153,3157,33,30,40,155,43,42,1,32,24,99,1230,87,1439,9137,35460,122,38340,7320,12840,5400
2024-10-08,2024,10,October,4,8,2741,707,2034,11090,9610,3726,1604,15,41,39,166,43,42,1,35,24,99,1252,59,1435,5247,36000,124,39120,7440,15000,8820
2024-10-09,2024,10,October,4,9,2911,877,2034,15878,15288,5365,1142,15,60,40,169,43,43,1,17,15,99,751,24,1203,30552,7080,428,37980,25680,1680,300
2024-10-10,2024,10,October,4,10,3343,1309,2034,9247,9014,3687,3065,7,44,38,177,43,42,1,35,23,100,1172,141,1429,9521,33360,116,36960,6960,12000,10500
2024-10-11,2024,10,October,4,11,2216,182,2034,3401,2652,1376,2323,0,0,42,110,42,44,0,50,41,98,1287,44,1420,-27790,55320,89,21900,5340,22140,19320
2024-10-12,2024,10,October,4,12,2689,655,2034,16405,12710,2188,7162,28,14,39,144,42,41,1,37,24,96,1055,115,1440,4391,32460,270,30840,16200,14040,8880
2024-10-13,2024,10,October,4,13,3638,1604,2034,29507,26773,8332,5046,1,96,41,162,43,45,1,38,25,99,1025,142,1440,2716,27660,273,33840,16380,7860,15120
2024-10-14,2024,10,October,4,14,2946,912,2034,13044,10204,1018,11940,4,5,40,137,43,45,0,33,22,99,1049,167,1440,12309,26520,224,36420,13440,11640,8700
2024-10-15,2024,10,October,4,15,2914,880,2034,12363,10862,2936,4559,17,56,40,155,44,45,1,31,24,99,1163,105,1440,8499,33060,172,36720,10320,9660,5160
2024-10-16,2024,10,October,4,16,3478,1444,2034,18382,17527,4586,4789,3,99,40,176,44,44,1,30,22,98,1061,175,1437,15154,26880,201,36780,12060,8100,5760
2024-10-17,2024,10,October,4,17,2709,675,2034,11031,10293,3064,2250,1,38,41,169,44,46,1,38,27,99,1219,95,1439,-4200,38820,125,34320,7500,14880,10200
2024-10-18,2024,10,October,4,18,2554,520,2034,5130,3986,863,3632,4,9,38,134,44,45,0,39,27,99,1200,111,1440,-4001,37320,129,34680,7740,10080,14220
2024-10-19,2024,10,October,4,19,3989,1955,2034,31595,30365,10236,1872,2,136,40,159,45,42,1,36,24,99,1057,114,1420,5579,26940,249,36480,14940,6600,14340
2024-10-20,2024,10,October,4,20,2299,265,2034,2124,1653,504,811,0,1,42,120,45,48,0,50,40,99,1336,57,1440,-28325,48480,47,31680,2820,13380,27360
2024-10-21,2024,10,October,4,21,2980,946,2034,12391,11192,3574,3518,4,46,41,168,45,43,1,34,23,99,1023,126,1289,8271,28260,140,33120,8400,9960,9600
2024-10-22,2024,10,October,4,22,3405,1371,2034,23652,21261,5961,5172,6,95,42,158,45,45,1,44,36,99,937,86,1335,-14300,36600,312,19620,18720,15360,9240
2024-10-23,2024,10,October,4,23,2390,272,2118,6566,5079,429,3408,0,2,41,122,45,44,0,45,34,98,1318,64,1499,-17417,50160,117,28920,7020,22500,16140
2024-10-24,2024,10,October,4,24,2794,760,2034,11620,8623,2809,2443,1,47,38,167,44,41,1,31,22,99,1164,145,1440,16334,31380,131,38460,7860,10500,7740
2024-10-25,2024,10,October,4,25,2232,283,1949,6729,5205,401,3464,0,0,44,123,44,47,0,39,32,97,1210,64,1379,-11906,42900,105,29700,6300,15180,7380
2024-10-26,2024,10,October,4,26,2082,48,2034,1816,1405,132,792,0,0,39,105,44,43,0,34,24,97,1360,29,1438,8573,33060,49,48540,2940,10200,12780
2024-10-27,2024,10,October,4,27,4122,2088,2034,29972,29743,9941,1845,6,142,42,170,44,45,1,43,28,99,1054,150,1438,-4689,29160,234,34080,14040,3420,23040
2024-10-28,2024,10,October,4,28,2459,425,2034,7111,5648,1239,3250,10,0,43,123,45,48,0,51,47,98,1234,76,1438,-37464,53100,128,20940,7680,25080,14820
2024-10-29,2024,10,October,4,29,2697,663,2034,12081,10498,2939,2894,1,39,41,167,45,44,1,39,27,97,1247,53,1439,-3162,42900,139,31920,8340,18780,10920
2024-10-30,2024,10,October,4,30,3326,1292,2034,24366,21075,7699,4111,57,80,42,163,45,47,1,39,28,99,766,47,1209,-2743,22560,396,23400,23760,8340,9000
2024-10-31,2024,10,October,4,31,2831,797,2034,13609,12419,3631,2259,1,50,40,169,45,42,1,34,23,99,1189,93,1437,10020,34440,155,36900,9300,14880,8340
2024-11-01,2024,11,November,4,1,2109,75,2034,3298,2593,797,791,0,0,40,107,45,46,0,46,36,97,1298,59,1440,-19862,46440,83,31440,4980,21420,17940
2024-11-02,2024,11,November,4,2,3776,1742,2034,29009,27060,8395,4619,2,109,41,169,45,45,1,49,40,99,1085,116,1431,-22450,39480,230,25620,13800,10200,22380
2024-11-03,2024,11,November,4,3,2204,86,2118,2001,1556,216,932,0,0,43,112,46,47,0,43,34,98,1398,47,1500,-16509,48120,55,35760,3300,23100,14700
2024-11-04,2024,11,November,4,4,2224,190,2034,3669,2848,514,2111,1,2,43,125,46,49,0,50,42,97,1301,50,1440,-30370,49860,89,28200,5340,18720,24780
2024-11-05,2024,11,November,4,5,2901,867,2034,15435,14073,4579,2824,34,48,40,183,46,43,1,42,31,99,1163,112,1433,-10774,40620,158,29160,9480,17580,12420
2024-11-06,2024,11,November,4,6,2321,287,2034,5996,4486,1520,2214,34,9,42,144,46,51,1,43,33,99,1238,128,1440,-14073,39420,74,34860,4440,13440,17340
2024-11-07,2024,11,November,4,7,2867,833,2034,11104,10573,2932,3158,10,47,40,179,46,42,1,41,26,99,1243,69,1440,-2361,40440,128,34140,7680,14220,16620
2024-11-08,2024,11,November,4,8,2916,882,2034,5980,4665,694,5298,16,49,38,165,46,48,1,37,25,99,872,116,1234,-783,22020,246,30300,14760,4860,10680
2024-11-09,2024,11,November,4,9,4277,2243,2034,36656,33848,11658,3006,4,181,40,167,46,42,1,33,22,99,1074,91,1439,14327,26520,274,37920,16440,9900,11160
2024-11-10,2024,11,November,4,10,2742,708,2034,9575,7553,761,8668,0,0,41,124,46,48,0,47,37,99,1130,131,1440,-19325,40500,179,27300,10740,13740,19620
2024-11-11,2024,11,November,4,11,2553,519,2034,5944,4674,978,3631,8,27,40,171,45,42,1,27,21,99,1239,85,1440,21804,28200,116,46140,6960,7680,4740
2024-11-12,2024,11,November,4,12,2907,873,2034,13532,12242,3501,2990,2,55,39,165,45,42,1,46,35,99,1208,64,1439,-16771,46200,167,26280,10020,21600,16440
2024-11-13,2024,11,November,4,13,3331,1297,2034,20917,20164,6197,3484,3,76,38,174,44,41,1,48,35,97,1168,48,1438,-16353,46140,222,23940,13320,22320,18120
2024-11-14,2024,11,November,4,14,2390,356,2034,4666,3629,370,3530,1,2,40,139,44,47,0,43,28,99,1274,51,1440,-4600,43560,115,32880,6900,15300,19680
2024-11-15,2024,11,November,4,15,2273,239,2034,4114,3216,359,2597,3,3,42,133,44,46,0,41,29,98,1287,64,1440,-7604,40800,89,36420,5340,16620,15060
2024-11-16,2024,11,November,4,16,2169,135,2034,1342,1038,140,1143,1,5,38,136,44,41,0,21,16,99,832,568,1440,32344,12120,40,37800,2400,5400,3360
2024-11-17,2024,11,November,4,17,2209,175,2034,4443,3454,639,2291,2,6,40,136,43,43,1,41,27,96,1248,67,1436,-3955,37320,121,37560,7260,11220,19320
2024-11-18,2024,11,November,4,18,2601,567,2034,5007,3925,912,3381,5,39,39,172,43,43,1,31,22,99,786,76,1430,11533,16860,568,30300,34080,7680,6180
2024-11-19,2024,11,November,4,19,3165,1131,2034,13614,12199,3725,4381,5,63,38,174,43,41,1,43,27,100,1155,111,1421,-3424,37140,155,32160,9300,12300,21360
2024-11-20,2024,11,November,4,20,3780,1746,2034,22783,21651,6330,6302,6,94,41,182,43,43,1,44,29,99,1116,106,1439,-6145,35100,217,31860,13020,10740,20640
2024-11-21,2024,11,November,4,21,2351,317,2034,5311,4257,2208,3594,1,1,41,128,43,45,0,43,30,99,1253,64,1440,-9129,44580,123,30600,7380,15660,18360
2024-11-22,2024,11,November,4,22,2296,262,2034,5928,4737,1048,1986,3,8,39,138,43,45,1,34,24,99,1217,110,1440,6739,36900,113,36120,6780,14220,7500
2024-11-23,2024,11,November,4,23,2236,202,2034,6410,5038,887,2608,0,0,39,113,43,42,0,34,22,98,1215,96,1440,14030,31380,129,41520,7740,12540,11700
2024-11-24,2024,11,November,4,24,2305,271,2034,3416,2651,369,2301,20,11,38,151,43,41,1,39,26,96,1269,103,1440,-3094,42420,68,33720,4080,18900,10440
2024-11-25,2024,11,November,4,25,2943,909,2034,12978,10109,4235,3588,22,56,41,156,43,44,1,48,37,99,1185,98,1440,-18755,41640,157,29460,9420,12060,23760
2024-11-26,2024,11,November,4,26,2995,961,2034,14164,10967,5564,2914,37,66,41,148,44,45,1,43,31,99,1153,125,1437,-10859,37620,159,31560,9540,14340,15660
2024-11-27,2024,11,November,4,27,2210,176,2034,3039,2369,662,2584,0,0,42,115,44,46,0,46,37,99,1298,35,1434,-21899,49620,101,28260,6060,20040,18240
2024-11-28,2024,11,November,4,28,2266,232,2034,3979,3114,300,2828,0,5,39,128,43,41,0,37,23,99,1079,58,1440,9646,26580,303,38160,18180,8280,16620
2024-11-29,2024,11,November,4,29,2010,60,1950,2565,1996,375,564,0,0,40,151,43,43,0,-2,-2,97,1120,113,1381,469,34245,1381,33074,82860,12004,12784
2024-12-01,2024,12,December,4,1,2398,364,2034,2463,1969,2361,1620,10,14,58,150,44,47,1,72,71,99,144,48,247,-8906,8220,55,420,3300,1260,5460
2024-12-02,2024,12,December,4,2,3161,1127,2034,11059,8585,4770,4566,14,68,40,164,44,43,1,44,30,99,1203,83,1439,-7887,39180,153,33000,9180,13680,22020
2024-12-03,2024,12,December,4,3,2801,767,2034,10589,8305,2973,3636,4,48,42,151,45,47,1,45,36,99,1166,121,1440,-17812,42060,153,27900,9180,17460,15720
2024-12-04,2024,12,December,4,4,2274,240,2034,4391,3426,292,3019,0,0,41,114,45,45,0,42,31,98,1272,53,1440,-10156,41160,115,35160,6900,15720,15960
2024-12-05,2024,12,December,4,5,3357,1323,2034,11751,9162,2865,6624,13,57,38,159,44,41,1,40,24,99,1065,200,1440,3859,31380,175,32520,10500,9000,17580
2024-12-06,2024,12,December,4,6,2270,236,2034,6674,5224,826,2847,0,1,44,133,46,50,0,48,42,98,1224,90,1440,-27720,49260,126,24180,7560,18960,16140
2024-12-07,2024,12,December,4,7,3195,1161,2034,17724,17776,4939,2873,5,72,40,177,45,43,1,34,22,100,1106,152,1437,13290,28020,179,38340,10740,11220,11760
2024-12-08,2024,12,December,4,8,3040,1006,2034,9526,7442,1726,9676,7,18,41,142,45,43,1,46,34,99,1077,162,1429,-13742,36060,190,28560,11400,9960,20940
2024-12-09,2024,12,December,4,9,2831,797,2034,9769,8749,3637,3528,3,37,40,177,45,45,1,44,32,99,1237,77,1439,-12198,41580,125,32640,7500,16500,19020
2024-12-10,2024,12,December,4,10,3552,1518,2034,16220,14219,4122,8061,16,68,42,166,45,45,1,51,39,99,954,146,1334,-18190,33240,234,24000,14040,5100,25320
2024-12-11,2024,12,December,4,11,2926,892,2034,12728,10604,3359,4703,1,32,43,161,45,48,1,45,34,99,1114,151,1438,-14229,36480,173,30360,10380,9360,20580
2024-12-12,2024,12,December,4,12,2321,287,2034,4470,3473,390,3190,0,9,41,131,46,46,1,43,32,99,1110,227,1440,-10885,36960,103,29640,6180,12600,16080
2024-12-13,2024,12,December,4,13,2731,697,2034,11911,9669,2987,4192,5,24,40,144,45,43,1,40,25,99,991,272,1440,2339,26880,177,32580,10620,7560,17400
2024-12-14,2024,12,December,4,14,5593,3559,2034,49253,49462,14318,6887,21,224,41,182,45,45,1,46,31,99,780,308,1440,-7150,21840,352,24960,21120,2400,18300
2024-12-15,2024,12,December,4,15,2214,180,2034,6220,4821,1088,2033,0,0,50,120,48,63,0,56,54,99,1177,91,1440,-46334,59640,172,10980,10320,17640,20760
2024-12-16,2024,12,December,4,16,770,4,766,174,135,42,54,0,0,40,94,48,44,0,11,11,66,531,7,543,30430,3240,5,28620,300,60,12784
